filename,original_repo,original_path,target_path,timestamp,bucket,plan_id,parent_plan,rationale
"ops_release_process_v1.0.md","credentialmate-app",".github/ops_release_process_v1.0.md","needs-review/credentialmate-app/.github/ops_release_process_v1.0.md","2025-11-20T00:00:00Z","needs-review","RIS-2025-11-20-CLEANUP-001-SUPPLEMENT","RIS-2025-11-20-CLEANUP-001","missing_from_initial_plan_execution"
"spec_audit_log_guide_v1.0.md","credentialmate-app",".github/spec_audit_log_guide_v1.0.md","needs-review/credentialmate-app/.github/spec_audit_log_guide_v1.0.md","2025-11-20T00:00:00Z","needs-review","RIS-2025-11-20-CLEANUP-001-SUPPLEMENT","RIS-2025-11-20-CLEANUP-001","missing_from_initial_plan_execution"
"spec_change_control_policy_v1.0.md","credentialmate-app",".github/spec_change_control_policy_v1.0.md","needs-review/credentialmate-app/.github/spec_change_control_policy_v1.0.md","2025-11-20T00:00:00Z","needs-review","RIS-2025-11-20-CLEANUP-001-SUPPLEMENT","RIS-2025-11-20-CLEANUP-001","missing_from_initial_plan_execution"
"API_ENDPOINT_INVENTORY.md","credentialmate-app","backend/app/routers/v2/API_ENDPOINT_INVENTORY.md","needs-review/credentialmate-app/backend/app/routers/v2/API_ENDPOINT_INVENTORY.md","2025-11-20T00:00:00Z","needs-review","RIS-2025-11-20-CLEANUP-001-SUPPLEMENT","RIS-2025-11-20-CLEANUP-001","missing_from_initial_plan_execution"
"design_quick_start_v1.0.md","credentialmate-app","backend/tests/design_quick_start_v1.0.md","needs-review/credentialmate-app/backend/tests/design_quick_start_v1.0.md","2025-11-20T00:00:00Z","needs-review","RIS-2025-11-20-CLEANUP-001-SUPPLEMENT","RIS-2025-11-20-CLEANUP-001","missing_from_initial_plan_execution"
"diag_baseline_accuracy_report_v1.0.md","credentialmate-app","backend/tests/diag_baseline_accuracy_report_v1.0.md","needs-review/credentialmate-app/backend/tests/diag_baseline_accuracy_report_v1.0.md","2025-11-20T00:00:00Z","needs-review","RIS-2025-11-20-CLEANUP-001-SUPPLEMENT","RIS-2025-11-20-CLEANUP-001","missing_from_initial_plan_execution"
"diag_bug_fix_cme_misclassification_v1.0.md","credentialmate-app","backend/tests/diag_bug_fix_cme_misclassification_v1.0.md","needs-review/credentialmate-app/backend/tests/diag_bug_fix_cme_misclassification_v1.0.md","2025-11-20T00:00:00Z","needs-review","RIS-2025-11-20-CLEANUP-001-SUPPLEMENT","RIS-2025-11-20-CLEANUP-001","missing_from_initial_plan_execution"
"diag_edge_case_analysis_v1.0.md","credentialmate-app","backend/tests/diag_edge_case_analysis_v1.0.md","needs-review/credentialmate-app/backend/tests/diag_edge_case_analysis_v1.0.md","2025-11-20T00:00:00Z","needs-review","RIS-2025-11-20-CLEANUP-001-SUPPLEMENT","RIS-2025-11-20-CLEANUP-001","missing_from_initial_plan_execution"
"diag_haiku_vs_sonnet_analysis_v1.0.md","credentialmate-app","backend/tests/diag_haiku_vs_sonnet_analysis_v1.0.md","needs-review/credentialmate-app/backend/tests/diag_haiku_vs_sonnet_analysis_v1.0.md","2025-11-20T00:00:00Z","needs-review","RIS-2025-11-20-CLEANUP-001-SUPPLEMENT","RIS-2025-11-20-CLEANUP-001","missing_from_initial_plan_execution"
"diag_phase3_step4_validation_report_v1.0.md","credentialmate-app","backend/tests/diag_phase3_step4_validation_report_v1.0.md","needs-review/credentialmate-app/backend/tests/diag_phase3_step4_validation_report_v1.0.md","2025-11-20T00:00:00Z","needs-review","RIS-2025-11-20-CLEANUP-001-SUPPLEMENT","RIS-2025-11-20-CLEANUP-001","missing_from_initial_plan_execution"
"diag_tesseract_findings_summary_v1.0.md","credentialmate-app","backend/tests/diag_tesseract_findings_summary_v1.0.md","needs-review/credentialmate-app/backend/tests/diag_tesseract_findings_summary_v1.0.md","2025-11-20T00:00:00Z","needs-review","RIS-2025-11-20-CLEANUP-001-SUPPLEMENT","RIS-2025-11-20-CLEANUP-001","missing_from_initial_plan_execution"
"ops_cme_prompt_improvements_summary_v1.0.md","credentialmate-app","backend/tests/ops_cme_prompt_improvements_summary_v1.0.md","needs-review/credentialmate-app/backend/tests/ops_cme_prompt_improvements_summary_v1.0.md","2025-11-20T00:00:00Z","needs-review","RIS-2025-11-20-CLEANUP-001-SUPPLEMENT","RIS-2025-11-20-CLEANUP-001","missing_from_initial_plan_execution"
"ops_m2_t4_phase2_implementation_strategy_v1.0.md","credentialmate-app","backend/tests/ops_m2_t4_phase2_implementation_strategy_v1.0.md","needs-review/credentialmate-app/backend/tests/ops_m2_t4_phase2_implementation_strategy_v1.0.md","2025-11-20T00:00:00Z","needs-review","RIS-2025-11-20-CLEANUP-001-SUPPLEMENT","RIS-2025-11-20-CLEANUP-001","missing_from_initial_plan_execution"
"ops_m2_t4_tdd_contract_test_master_v1.0.md","credentialmate-app","backend/tests/ops_m2_t4_tdd_contract_test_master_v1.0.md","needs-review/credentialmate-app/backend/tests/ops_m2_t4_tdd_contract_test_master_v1.0.md","2025-11-20T00:00:00Z","needs-review","RIS-2025-11-20-CLEANUP-001-SUPPLEMENT","RIS-2025-11-20-CLEANUP-001","missing_from_initial_plan_execution"
"ops_next_steps_summary_v1.0.md","credentialmate-app","backend/tests/ops_next_steps_summary_v1.0.md","needs-review/credentialmate-app/backend/tests/ops_next_steps_summary_v1.0.md","2025-11-20T00:00:00Z","needs-review","RIS-2025-11-20-CLEANUP-001-SUPPLEMENT","RIS-2025-11-20-CLEANUP-001","missing_from_initial_plan_execution"
"ops_phase_2_session_summary_v1.0.md","credentialmate-app","backend/tests/ops_phase_2_session_summary_v1.0.md","needs-review/credentialmate-app/backend/tests/ops_phase_2_session_summary_v1.0.md","2025-11-20T00:00:00Z","needs-review","RIS-2025-11-20-CLEANUP-001-SUPPLEMENT","RIS-2025-11-20-CLEANUP-001","missing_from_initial_plan_execution"
"ops_production_monitoring_setup_v1.0.md","credentialmate-app","backend/tests/ops_production_monitoring_setup_v1.0.md","needs-review/credentialmate-app/backend/tests/ops_production_monitoring_setup_v1.0.md","2025-11-20T00:00:00Z","needs-review","RIS-2025-11-20-CLEANUP-001-SUPPLEMENT","RIS-2025-11-20-CLEANUP-001","missing_from_initial_plan_execution"
"ops_qa_system_overview_v1.0.md","credentialmate-app","backend/tests/ops_qa_system_overview_v1.0.md","needs-review/credentialmate-app/backend/tests/ops_qa_system_overview_v1.0.md","2025-11-20T00:00:00Z","needs-review","RIS-2025-11-20-CLEANUP-001-SUPPLEMENT","RIS-2025-11-20-CLEANUP-001","missing_from_initial_plan_execution"
"ops_qa_system_readme_v1.0.md","credentialmate-app","backend/tests/ops_qa_system_readme_v1.0.md","needs-review/credentialmate-app/backend/tests/ops_qa_system_readme_v1.0.md","2025-11-20T00:00:00Z","needs-review","RIS-2025-11-20-CLEANUP-001-SUPPLEMENT","RIS-2025-11-20-CLEANUP-001","missing_from_initial_plan_execution"
"ops_readme_seed_data_v1.0.md","credentialmate-app","backend/tests/ops_readme_seed_data_v1.0.md","needs-review/credentialmate-app/backend/tests/ops_readme_seed_data_v1.0.md","2025-11-20T00:00:00Z","needs-review","RIS-2025-11-20-CLEANUP-001-SUPPLEMENT","RIS-2025-11-20-CLEANUP-001","missing_from_initial_plan_execution"
"ops_readme_testing_v1.0.md","credentialmate-app","backend/tests/ops_readme_testing_v1.0.md","needs-review/credentialmate-app/backend/tests/ops_readme_testing_v1.0.md","2025-11-20T00:00:00Z","needs-review","RIS-2025-11-20-CLEANUP-001-SUPPLEMENT","RIS-2025-11-20-CLEANUP-001","missing_from_initial_plan_execution"
"ops_tesseract_final_summary_v1.0.md","credentialmate-app","backend/tests/ops_tesseract_final_summary_v1.0.md","needs-review/credentialmate-app/backend/tests/ops_tesseract_final_summary_v1.0.md","2025-11-20T00:00:00Z","needs-review","RIS-2025-11-20-CLEANUP-001-SUPPLEMENT","RIS-2025-11-20-CLEANUP-001","missing_from_initial_plan_execution"
"ops_tesseract_installation_summary_v1.0.md","credentialmate-app","backend/tests/ops_tesseract_installation_summary_v1.0.md","needs-review/credentialmate-app/backend/tests/ops_tesseract_installation_summary_v1.0.md","2025-11-20T00:00:00Z","needs-review","RIS-2025-11-20-CLEANUP-001-SUPPLEMENT","RIS-2025-11-20-CLEANUP-001","missing_from_initial_plan_execution"
"ops_two_stage_classification_summary_v1.0.md","credentialmate-app","backend/tests/ops_two_stage_classification_summary_v1.0.md","needs-review/credentialmate-app/backend/tests/ops_two_stage_classification_summary_v1.0.md","2025-11-20T00:00:00Z","needs-review","RIS-2025-11-20-CLEANUP-001-SUPPLEMENT","RIS-2025-11-20-CLEANUP-001","missing_from_initial_plan_execution"
"design_agent_context_session_guide_v1.0.md","credentialmate-app","docs/data-model-build/design_agent_context_session_guide_v1.0.md","needs-review/credentialmate-app/docs/data-model-build/design_agent_context_session_guide_v1.0.md","2025-11-20T00:00:00Z","needs-review","RIS-2025-11-20-CLEANUP-001-SUPPLEMENT","RIS-2025-11-20-CLEANUP-001","missing_from_initial_plan_execution"
"design_architecture_quick_start_v1.0.md","credentialmate-app","docs/data-model-build/design_architecture_quick_start_v1.0.md","needs-review/credentialmate-app/docs/data-model-build/design_architecture_quick_start_v1.0.md","2025-11-20T00:00:00Z","needs-review","RIS-2025-11-20-CLEANUP-001-SUPPLEMENT","RIS-2025-11-20-CLEANUP-001","missing_from_initial_plan_execution"
"design_data_architecture_executive_summary_v1.0.md","credentialmate-app","docs/data-model-build/design_data_architecture_executive_summary_v1.0.md","needs-review/credentialmate-app/docs/data-model-build/design_data_architecture_executive_summary_v1.0.md","2025-11-20T00:00:00Z","needs-review","RIS-2025-11-20-CLEANUP-001-SUPPLEMENT","RIS-2025-11-20-CLEANUP-001","missing_from_initial_plan_execution"
"design_event_driven_implementation_guide_v1.0.md","credentialmate-app","docs/data-model-build/design_event_driven_implementation_guide_v1.0.md","needs-review/credentialmate-app/docs/data-model-build/design_event_driven_implementation_guide_v1.0.md","2025-11-20T00:00:00Z","needs-review","RIS-2025-11-20-CLEANUP-001-SUPPLEMENT","RIS-2025-11-20-CLEANUP-001","missing_from_initial_plan_execution"
"design_extensible_data_architecture_design_v1.0.md","credentialmate-app","docs/data-model-build/design_extensible_data_architecture_design_v1.0.md","needs-review/credentialmate-app/docs/data-model-build/design_extensible_data_architecture_design_v1.0.md","2025-11-20T00:00:00Z","needs-review","RIS-2025-11-20-CLEANUP-001-SUPPLEMENT","RIS-2025-11-20-CLEANUP-001","missing_from_initial_plan_execution"
"design_extensible_data_architecture_tdd_plan_v1.0.md","credentialmate-app","docs/data-model-build/design_extensible_data_architecture_tdd_plan_v1.0.md","needs-review/credentialmate-app/docs/data-model-build/design_extensible_data_architecture_tdd_plan_v1.0.md","2025-11-20T00:00:00Z","needs-review","RIS-2025-11-20-CLEANUP-001-SUPPLEMENT","RIS-2025-11-20-CLEANUP-001","missing_from_initial_plan_execution"
"design_phase6_dashboards_completion_v1.0.md","credentialmate-app","docs/data-model-build/design_phase6_dashboards_completion_v1.0.md","needs-review/credentialmate-app/docs/data-model-build/design_phase6_dashboards_completion_v1.0.md","2025-11-20T00:00:00Z","needs-review","RIS-2025-11-20-CLEANUP-001-SUPPLEMENT","RIS-2025-11-20-CLEANUP-001","missing_from_initial_plan_execution"
"design_phase6_quick_reference_v1.0.md","credentialmate-app","docs/data-model-build/design_phase6_quick_reference_v1.0.md","needs-review/credentialmate-app/docs/data-model-build/design_phase6_quick_reference_v1.0.md","2025-11-20T00:00:00Z","needs-review","RIS-2025-11-20-CLEANUP-001-SUPPLEMENT","RIS-2025-11-20-CLEANUP-001","missing_from_initial_plan_execution"
"design_pm_quick_reference_v1.0.md","credentialmate-app","docs/data-model-build/design_pm_quick_reference_v1.0.md","needs-review/credentialmate-app/docs/data-model-build/design_pm_quick_reference_v1.0.md","2025-11-20T00:00:00Z","needs-review","RIS-2025-11-20-CLEANUP-001-SUPPLEMENT","RIS-2025-11-20-CLEANUP-001","missing_from_initial_plan_execution"
"diag_phase1_tests_passing_report_v1.0.md","credentialmate-app","docs/data-model-build/diag_phase1_tests_passing_report_v1.0.md","needs-review/credentialmate-app/docs/data-model-build/diag_phase1_tests_passing_report_v1.0.md","2025-11-20T00:00:00Z","needs-review","RIS-2025-11-20-CLEANUP-001-SUPPLEMENT","RIS-2025-11-20-CLEANUP-001","missing_from_initial_plan_execution"
"ops_automode_configuration_v1.0.md","credentialmate-app","docs/data-model-build/ops_automode_configuration_v1.0.md","needs-review/credentialmate-app/docs/data-model-build/ops_automode_configuration_v1.0.md","2025-11-20T00:00:00Z","needs-review","RIS-2025-11-20-CLEANUP-001-SUPPLEMENT","RIS-2025-11-20-CLEANUP-001","missing_from_initial_plan_execution"
"ops_db_pyhton_script_locations_v1.0.md","credentialmate-app","docs/data-model-build/ops_db_pyhton_script_locations_v1.0.md","needs-review/credentialmate-app/docs/data-model-build/ops_db_pyhton_script_locations_v1.0.md","2025-11-20T00:00:00Z","needs-review","RIS-2025-11-20-CLEANUP-001-SUPPLEMENT","RIS-2025-11-20-CLEANUP-001","missing_from_initial_plan_execution"
"ops_implementation_ready_v1.0.md","credentialmate-app","docs/data-model-build/ops_implementation_ready_v1.0.md","needs-review/credentialmate-app/docs/data-model-build/ops_implementation_ready_v1.0.md","2025-11-20T00:00:00Z","needs-review","RIS-2025-11-20-CLEANUP-001-SUPPLEMENT","RIS-2025-11-20-CLEANUP-001","missing_from_initial_plan_execution"
"ops_phase1_cycle1_completion_v1.0.md","credentialmate-app","docs/data-model-build/ops_phase1_cycle1_completion_v1.0.md","needs-review/credentialmate-app/docs/data-model-build/ops_phase1_cycle1_completion_v1.0.md","2025-11-20T00:00:00Z","needs-review","RIS-2025-11-20-CLEANUP-001-SUPPLEMENT","RIS-2025-11-20-CLEANUP-001","missing_from_initial_plan_execution"
"ops_phase1_execution_plan_v1.0.md","credentialmate-app","docs/data-model-build/ops_phase1_execution_plan_v1.0.md","needs-review/credentialmate-app/docs/data-model-build/ops_phase1_execution_plan_v1.0.md","2025-11-20T00:00:00Z","needs-review","RIS-2025-11-20-CLEANUP-001-SUPPLEMENT","RIS-2025-11-20-CLEANUP-001","missing_from_initial_plan_execution"
"ops_phase2_kickoff_instructions_v1.0.md","credentialmate-app","docs/data-model-build/ops_phase2_kickoff_instructions_v1.0.md","needs-review/credentialmate-app/docs/data-model-build/ops_phase2_kickoff_instructions_v1.0.md","2025-11-20T00:00:00Z","needs-review","RIS-2025-11-20-CLEANUP-001-SUPPLEMENT","RIS-2025-11-20-CLEANUP-001","missing_from_initial_plan_execution"
"ops_phase2_kickoff_prompt_v1.0.md","credentialmate-app","docs/data-model-build/ops_phase2_kickoff_prompt_v1.0.md","needs-review/credentialmate-app/docs/data-model-build/ops_phase2_kickoff_prompt_v1.0.md","2025-11-20T00:00:00Z","needs-review","RIS-2025-11-20-CLEANUP-001-SUPPLEMENT","RIS-2025-11-20-CLEANUP-001","missing_from_initial_plan_execution"
"ops_project_docs_manifest_v1.0.md","credentialmate-app","docs/data-model-build/ops_project_docs_manifest_v1.0.md","needs-review/credentialmate-app/docs/data-model-build/ops_project_docs_manifest_v1.0.md","2025-11-20T00:00:00Z","needs-review","RIS-2025-11-20-CLEANUP-001-SUPPLEMENT","RIS-2025-11-20-CLEANUP-001","missing_from_initial_plan_execution"
"ops_project_management_plan_v1.0.md","credentialmate-app","docs/data-model-build/ops_project_management_plan_v1.0.md","needs-review/credentialmate-app/docs/data-model-build/ops_project_management_plan_v1.0.md","2025-11-20T00:00:00Z","needs-review","RIS-2025-11-20-CLEANUP-001-SUPPLEMENT","RIS-2025-11-20-CLEANUP-001","missing_from_initial_plan_execution"
"ops_tdd_implementation_summary_v1.0.md","credentialmate-app","docs/data-model-build/ops_tdd_implementation_summary_v1.0.md","needs-review/credentialmate-app/docs/data-model-build/ops_tdd_implementation_summary_v1.0.md","2025-11-20T00:00:00Z","needs-review","RIS-2025-11-20-CLEANUP-001-SUPPLEMENT","RIS-2025-11-20-CLEANUP-001","missing_from_initial_plan_execution"
"ops_tracker_integration_summary_v1.0.md","credentialmate-app","docs/data-model-build/ops_tracker_integration_summary_v1.0.md","needs-review/credentialmate-app/docs/data-model-build/ops_tracker_integration_summary_v1.0.md","2025-11-20T00:00:00Z","needs-review","RIS-2025-11-20-CLEANUP-001-SUPPLEMENT","RIS-2025-11-20-CLEANUP-001","missing_from_initial_plan_execution"
"ops_workspace_comprehensive_review_v1.0.md","credentialmate-app","docs/data-model-build/ops_workspace_comprehensive_review_v1.0.md","needs-review/credentialmate-app/docs/data-model-build/ops_workspace_comprehensive_review_v1.0.md","2025-11-20T00:00:00Z","needs-review","RIS-2025-11-20-CLEANUP-001-SUPPLEMENT","RIS-2025-11-20-CLEANUP-001","missing_from_initial_plan_execution"
"spec_tracker_requirements_addendum_v1.0.md","credentialmate-app","docs/data-model-build/spec_tracker_requirements_addendum_v1.0.md","needs-review/credentialmate-app/docs/data-model-build/spec_tracker_requirements_addendum_v1.0.md","2025-11-20T00:00:00Z","needs-review","RIS-2025-11-20-CLEANUP-001-SUPPLEMENT","RIS-2025-11-20-CLEANUP-001","missing_from_initial_plan_execution"
"design_issue_login_failure_relationship_ambiguity_2025111_v1.0.md","credentialmate-app","docs/governance/design_issue_login_failure_relationship_ambiguity_2025111_v1.0.md","needs-review/credentialmate-app/docs/governance/design_issue_login_failure_relationship_ambiguity_2025111_v1.0.md","2025-11-20T00:00:00Z","needs-review","RIS-2025-11-20-CLEANUP-001-SUPPLEMENT","RIS-2025-11-20-CLEANUP-001","missing_from_initial_plan_execution"
"design_pulse_check_dashboard_v1.0.md","credentialmate-app","docs/governance/design_pulse_check_dashboard_v1.0.md","needs-review/credentialmate-app/docs/governance/design_pulse_check_dashboard_v1.0.md","2025-11-20T00:00:00Z","needs-review","RIS-2025-11-20-CLEANUP-001-SUPPLEMENT","RIS-2025-11-20-CLEANUP-001","missing_from_initial_plan_execution"
"diag_cost_analysis_and_optimization_v1.0.md","credentialmate-app","docs/governance/diag_cost_analysis_and_optimization_v1.0.md","needs-review/credentialmate-app/docs/governance/diag_cost_analysis_and_optimization_v1.0.md","2025-11-20T00:00:00Z","needs-review","RIS-2025-11-20-CLEANUP-001-SUPPLEMENT","RIS-2025-11-20-CLEANUP-001","missing_from_initial_plan_execution"
"diag_ris_docker_configuration_fix_v1.0.md","credentialmate-app","docs/governance/diag_ris_docker_configuration_fix_v1.0.md","needs-review/credentialmate-app/docs/governance/diag_ris_docker_configuration_fix_v1.0.md","2025-11-20T00:00:00Z","needs-review","RIS-2025-11-20-CLEANUP-001-SUPPLEMENT","RIS-2025-11-20-CLEANUP-001","missing_from_initial_plan_execution"
"diag_tech_stack_e2e_analysis_v1.0.md","credentialmate-app","docs/governance/diag_tech_stack_e2e_analysis_v1.0.md","needs-review/credentialmate-app/docs/governance/diag_tech_stack_e2e_analysis_v1.0.md","2025-11-20T00:00:00Z","needs-review","RIS-2025-11-20-CLEANUP-001-SUPPLEMENT","RIS-2025-11-20-CLEANUP-001","missing_from_initial_plan_execution"
"diag_test_errors_fixed_v1.0.md","credentialmate-app","docs/governance/diag_test_errors_fixed_v1.0.md","needs-review/credentialmate-app/docs/governance/diag_test_errors_fixed_v1.0.md","2025-11-20T00:00:00Z","needs-review","RIS-2025-11-20-CLEANUP-001-SUPPLEMENT","RIS-2025-11-20-CLEANUP-001","missing_from_initial_plan_execution"
"diag_workspace_assessment_ris_20251118v2_v1.0.md","credentialmate-app","docs/governance/diag_workspace_assessment_ris_20251118v2_v1.0.md","needs-review/credentialmate-app/docs/governance/diag_workspace_assessment_ris_20251118v2_v1.0.md","2025-11-20T00:00:00Z","needs-review","RIS-2025-11-20-CLEANUP-001-SUPPLEMENT","RIS-2025-11-20-CLEANUP-001","missing_from_initial_plan_execution"
"diag_workspace_assessment_v1.0.md","credentialmate-app","docs/governance/diag_workspace_assessment_v1.0.md","needs-review/credentialmate-app/docs/governance/diag_workspace_assessment_v1.0.md","2025-11-20T00:00:00Z","needs-review","RIS-2025-11-20-CLEANUP-001-SUPPLEMENT","RIS-2025-11-20-CLEANUP-001","missing_from_initial_plan_execution"
"ops_4_week_launch_plan_v1.0.md","credentialmate-app","docs/governance/ops_4_week_launch_plan_v1.0.md","needs-review/credentialmate-app/docs/governance/ops_4_week_launch_plan_v1.0.md","2025-11-20T00:00:00Z","needs-review","RIS-2025-11-20-CLEANUP-001-SUPPLEMENT","RIS-2025-11-20-CLEANUP-001","missing_from_initial_plan_execution"
"ops_cme_rules_engine_implementation_prompt_v1.0.md","credentialmate-app","docs/governance/ops_cme_rules_engine_implementation_prompt_v1.0.md","needs-review/credentialmate-app/docs/governance/ops_cme_rules_engine_implementation_prompt_v1.0.md","2025-11-20T00:00:00Z","needs-review","RIS-2025-11-20-CLEANUP-001-SUPPLEMENT","RIS-2025-11-20-CLEANUP-001","missing_from_initial_plan_execution"
"ops_infrastructure_and_payments_20251118_v1.0.md","credentialmate-app","docs/governance/ops_infrastructure_and_payments_20251118_v1.0.md","needs-review/credentialmate-app/docs/governance/ops_infrastructure_and_payments_20251118_v1.0.md","2025-11-20T00:00:00Z","needs-review","RIS-2025-11-20-CLEANUP-001-SUPPLEMENT","RIS-2025-11-20-CLEANUP-001","missing_from_initial_plan_execution"
"ops_ivy_pay_integration_plan_v1.0.md","credentialmate-app","docs/governance/ops_ivy_pay_integration_plan_v1.0.md","needs-review/credentialmate-app/docs/governance/ops_ivy_pay_integration_plan_v1.0.md","2025-11-20T00:00:00Z","needs-review","RIS-2025-11-20-CLEANUP-001-SUPPLEMENT","RIS-2025-11-20-CLEANUP-001","missing_from_initial_plan_execution"
"ops_non_llm_optimization_plan_v1.0.md","credentialmate-app","docs/governance/ops_non_llm_optimization_plan_v1.0.md","needs-review/credentialmate-app/docs/governance/ops_non_llm_optimization_plan_v1.0.md","2025-11-20T00:00:00Z","needs-review","RIS-2025-11-20-CLEANUP-001-SUPPLEMENT","RIS-2025-11-20-CLEANUP-001","missing_from_initial_plan_execution"
"ops_path_to_75_percent_accuracy_v1.0.md","credentialmate-app","docs/governance/ops_path_to_75_percent_accuracy_v1.0.md","needs-review/credentialmate-app/docs/governance/ops_path_to_75_percent_accuracy_v1.0.md","2025-11-20T00:00:00Z","needs-review","RIS-2025-11-20-CLEANUP-001-SUPPLEMENT","RIS-2025-11-20-CLEANUP-001","missing_from_initial_plan_execution"
"ops_session_1_12_ivy_pay_implementation_summary_v1.0.md","credentialmate-app","docs/governance/ops_session_1_12_ivy_pay_implementation_summary_v1.0.md","needs-review/credentialmate-app/docs/governance/ops_session_1_12_ivy_pay_implementation_summary_v1.0.md","2025-11-20T00:00:00Z","needs-review","RIS-2025-11-20-CLEANUP-001-SUPPLEMENT","RIS-2025-11-20-CLEANUP-001","missing_from_initial_plan_execution"
"ops_session_1_12_next_priorities_v1.0.md","credentialmate-app","docs/governance/ops_session_1_12_next_priorities_v1.0.md","needs-review/credentialmate-app/docs/governance/ops_session_1_12_next_priorities_v1.0.md","2025-11-20T00:00:00Z","needs-review","RIS-2025-11-20-CLEANUP-001-SUPPLEMENT","RIS-2025-11-20-CLEANUP-001","missing_from_initial_plan_execution"
"ops_session_1_12_phase_3_improvements_v1.0.md","credentialmate-app","docs/governance/ops_session_1_12_phase_3_improvements_v1.0.md","needs-review/credentialmate-app/docs/governance/ops_session_1_12_phase_3_improvements_v1.0.md","2025-11-20T00:00:00Z","needs-review","RIS-2025-11-20-CLEANUP-001-SUPPLEMENT","RIS-2025-11-20-CLEANUP-001","missing_from_initial_plan_execution"
"spec_security_audit_v1.0.md","credentialmate-app","docs/governance/spec_security_audit_v1.0.md","needs-review/credentialmate-app/docs/governance/spec_security_audit_v1.0.md","2025-11-20T00:00:00Z","needs-review","RIS-2025-11-20-CLEANUP-001-SUPPLEMENT","RIS-2025-11-20-CLEANUP-001","missing_from_initial_plan_execution"
"design_admin_guide_v1.0.md","credentialmate-app","docs/RIS/design_admin_guide_v1.0.md","needs-review/credentialmate-app/docs/RIS/design_admin_guide_v1.0.md","2025-11-20T00:00:00Z","needs-review","RIS-2025-11-20-CLEANUP-001-SUPPLEMENT","RIS-2025-11-20-CLEANUP-001","missing_from_initial_plan_execution"
"design_ai_query_guide_v1.0.md","credentialmate-app","docs/RIS/design_ai_query_guide_v1.0.md","needs-review/credentialmate-app/docs/RIS/design_ai_query_guide_v1.0.md","2025-11-20T00:00:00Z","needs-review","RIS-2025-11-20-CLEANUP-001-SUPPLEMENT","RIS-2025-11-20-CLEANUP-001","missing_from_initial_plan_execution"
"design_automation_setup_guide_v1.0.md","credentialmate-app","docs/RIS/design_automation_setup_guide_v1.0.md","needs-review/credentialmate-app/docs/RIS/design_automation_setup_guide_v1.0.md","2025-11-20T00:00:00Z","needs-review","RIS-2025-11-20-CLEANUP-001-SUPPLEMENT","RIS-2025-11-20-CLEANUP-001","missing_from_initial_plan_execution"
"design_dashboards_v1.0.md","credentialmate-app","docs/RIS/design_dashboards_v1.0.md","needs-review/credentialmate-app/docs/RIS/design_dashboards_v1.0.md","2025-11-20T00:00:00Z","needs-review","RIS-2025-11-20-CLEANUP-001-SUPPLEMENT","RIS-2025-11-20-CLEANUP-001","missing_from_initial_plan_execution"
"design_performance_guide_v1.0.md","credentialmate-app","docs/RIS/design_performance_guide_v1.0.md","needs-review/credentialmate-app/docs/RIS/design_performance_guide_v1.0.md","2025-11-20T00:00:00Z","needs-review","RIS-2025-11-20-CLEANUP-001-SUPPLEMENT","RIS-2025-11-20-CLEANUP-001","missing_from_initial_plan_execution"
"design_phase10_operations_guide_v1.0.md","credentialmate-app","docs/RIS/design_phase10_operations_guide_v1.0.md","needs-review/credentialmate-app/docs/RIS/design_phase10_operations_guide_v1.0.md","2025-11-20T00:00:00Z","needs-review","RIS-2025-11-20-CLEANUP-001-SUPPLEMENT","RIS-2025-11-20-CLEANUP-001","missing_from_initial_plan_execution"
"design_phase9_10_implementation_guide_v1.0.md","credentialmate-app","docs/RIS/design_phase9_10_implementation_guide_v1.0.md","needs-review/credentialmate-app/docs/RIS/design_phase9_10_implementation_guide_v1.0.md","2025-11-20T00:00:00Z","needs-review","RIS-2025-11-20-CLEANUP-001-SUPPLEMENT","RIS-2025-11-20-CLEANUP-001","missing_from_initial_plan_execution"
"design_ris_phase1_testing_guide_v1.0.md","credentialmate-app","docs/RIS/design_ris_phase1_testing_guide_v1.0.md","needs-review/credentialmate-app/docs/RIS/design_ris_phase1_testing_guide_v1.0.md","2025-11-20T00:00:00Z","needs-review","RIS-2025-11-20-CLEANUP-001-SUPPLEMENT","RIS-2025-11-20-CLEANUP-001","missing_from_initial_plan_execution"
"design_ris_phase_execution_guide_v1.0.md","credentialmate-app","docs/RIS/design_ris_phase_execution_guide_v1.0.md","needs-review/credentialmate-app/docs/RIS/design_ris_phase_execution_guide_v1.0.md","2025-11-20T00:00:00Z","needs-review","RIS-2025-11-20-CLEANUP-001-SUPPLEMENT","RIS-2025-11-20-CLEANUP-001","missing_from_initial_plan_execution"
"design_training_quick_reference_v1.0.md","credentialmate-app","docs/RIS/design_training_quick_reference_v1.0.md","needs-review/credentialmate-app/docs/RIS/design_training_quick_reference_v1.0.md","2025-11-20T00:00:00Z","needs-review","RIS-2025-11-20-CLEANUP-001-SUPPLEMENT","RIS-2025-11-20-CLEANUP-001","missing_from_initial_plan_execution"
"ops_app_high_level_domains_&_file_types_v1.0.md","credentialmate-app","docs/RIS/ops_app_high_level_domains_&_file_types_v1.0.md","needs-review/credentialmate-app/docs/RIS/ops_app_high_level_domains_&_file_types_v1.0.md","2025-11-20T00:00:00Z","needs-review","RIS-2025-11-20-CLEANUP-001-SUPPLEMENT","RIS-2025-11-20-CLEANUP-001","missing_from_initial_plan_execution"
"ops_deployment_execution_v1.0.md","credentialmate-app","docs/RIS/ops_deployment_execution_v1.0.md","needs-review/credentialmate-app/docs/RIS/ops_deployment_execution_v1.0.md","2025-11-20T00:00:00Z","needs-review","RIS-2025-11-20-CLEANUP-001-SUPPLEMENT","RIS-2025-11-20-CLEANUP-001","missing_from_initial_plan_execution"
"ops_deployment_plan_v1.0.md","credentialmate-app","docs/RIS/ops_deployment_plan_v1.0.md","needs-review/credentialmate-app/docs/RIS/ops_deployment_plan_v1.0.md","2025-11-20T00:00:00Z","needs-review","RIS-2025-11-20-CLEANUP-001-SUPPLEMENT","RIS-2025-11-20-CLEANUP-001","missing_from_initial_plan_execution"
"ops_deployment_validation_v1.0.md","credentialmate-app","docs/RIS/ops_deployment_validation_v1.0.md","needs-review/credentialmate-app/docs/RIS/ops_deployment_validation_v1.0.md","2025-11-20T00:00:00Z","needs-review","RIS-2025-11-20-CLEANUP-001-SUPPLEMENT","RIS-2025-11-20-CLEANUP-001","missing_from_initial_plan_execution"
"ops_lessons_learned_v1.0.md","credentialmate-app","docs/RIS/ops_lessons_learned_v1.0.md","needs-review/credentialmate-app/docs/RIS/ops_lessons_learned_v1.0.md","2025-11-20T00:00:00Z","needs-review","RIS-2025-11-20-CLEANUP-001-SUPPLEMENT","RIS-2025-11-20-CLEANUP-001","missing_from_initial_plan_execution"
"ops_phase9_readiness_checklist_v1.0.md","credentialmate-app","docs/RIS/ops_phase9_readiness_checklist_v1.0.md","needs-review/credentialmate-app/docs/RIS/ops_phase9_readiness_checklist_v1.0.md","2025-11-20T00:00:00Z","needs-review","RIS-2025-11-20-CLEANUP-001-SUPPLEMENT","RIS-2025-11-20-CLEANUP-001","missing_from_initial_plan_execution"
"ops_ris_execution_summary_v1.0.md","credentialmate-app","docs/RIS/ops_ris_execution_summary_v1.0.md","needs-review/credentialmate-app/docs/RIS/ops_ris_execution_summary_v1.0.md","2025-11-20T00:00:00Z","needs-review","RIS-2025-11-20-CLEANUP-001-SUPPLEMENT","RIS-2025-11-20-CLEANUP-001","missing_from_initial_plan_execution"
"ops_ris_phase1_completion_summary_v1.0.md","credentialmate-app","docs/RIS/ops_ris_phase1_completion_summary_v1.0.md","needs-review/credentialmate-app/docs/RIS/ops_ris_phase1_completion_summary_v1.0.md","2025-11-20T00:00:00Z","needs-review","RIS-2025-11-20-CLEANUP-001-SUPPLEMENT","RIS-2025-11-20-CLEANUP-001","missing_from_initial_plan_execution"
"ops_ris_phase1_test_results_v1.0.md","credentialmate-app","docs/RIS/ops_ris_phase1_test_results_v1.0.md","needs-review/credentialmate-app/docs/RIS/ops_ris_phase1_test_results_v1.0.md","2025-11-20T00:00:00Z","needs-review","RIS-2025-11-20-CLEANUP-001-SUPPLEMENT","RIS-2025-11-20-CLEANUP-001","missing_from_initial_plan_execution"
"ops_ris_phase3_completion_summary_v1.0.md","credentialmate-app","docs/RIS/ops_ris_phase3_completion_summary_v1.0.md","needs-review/credentialmate-app/docs/RIS/ops_ris_phase3_completion_summary_v1.0.md","2025-11-20T00:00:00Z","needs-review","RIS-2025-11-20-CLEANUP-001-SUPPLEMENT","RIS-2025-11-20-CLEANUP-001","missing_from_initial_plan_execution"
"ops_ris_phase4_completion_summary_v1.0.md","credentialmate-app","docs/RIS/ops_ris_phase4_completion_summary_v1.0.md","needs-review/credentialmate-app/docs/RIS/ops_ris_phase4_completion_summary_v1.0.md","2025-11-20T00:00:00Z","needs-review","RIS-2025-11-20-CLEANUP-001-SUPPLEMENT","RIS-2025-11-20-CLEANUP-001","missing_from_initial_plan_execution"
"ops_ris_project_plan_v1.0.md","credentialmate-app","docs/RIS/ops_ris_project_plan_v1.0.md","needs-review/credentialmate-app/docs/RIS/ops_ris_project_plan_v1.0.md","2025-11-20T00:00:00Z","needs-review","RIS-2025-11-20-CLEANUP-001-SUPPLEMENT","RIS-2025-11-20-CLEANUP-001","missing_from_initial_plan_execution"
"ops_ris_project_tracker_v1.0.md","credentialmate-app","docs/RIS/ops_ris_project_tracker_v1.0.md","needs-review/credentialmate-app/docs/RIS/ops_ris_project_tracker_v1.0.md","2025-11-20T00:00:00Z","needs-review","RIS-2025-11-20-CLEANUP-001-SUPPLEMENT","RIS-2025-11-20-CLEANUP-001","missing_from_initial_plan_execution"
"ops_ris_prompt_v1.0.md","credentialmate-app","docs/RIS/ops_ris_prompt_v1.0.md","needs-review/credentialmate-app/docs/RIS/ops_ris_prompt_v1.0.md","2025-11-20T00:00:00Z","needs-review","RIS-2025-11-20-CLEANUP-001-SUPPLEMENT","RIS-2025-11-20-CLEANUP-001","missing_from_initial_plan_execution"
"ops_rollback_plan_v1.0.md","credentialmate-app","docs/RIS/ops_rollback_plan_v1.0.md","needs-review/credentialmate-app/docs/RIS/ops_rollback_plan_v1.0.md","2025-11-20T00:00:00Z","needs-review","RIS-2025-11-20-CLEANUP-001-SUPPLEMENT","RIS-2025-11-20-CLEANUP-001","missing_from_initial_plan_execution"
"ops_uat_plan_v1.0.md","credentialmate-app","docs/RIS/ops_uat_plan_v1.0.md","needs-review/credentialmate-app/docs/RIS/ops_uat_plan_v1.0.md","2025-11-20T00:00:00Z","needs-review","RIS-2025-11-20-CLEANUP-001-SUPPLEMENT","RIS-2025-11-20-CLEANUP-001","missing_from_initial_plan_execution"
"spec_data_table_schema_v1.0.md","credentialmate-app","docs/RIS/spec_data_table_schema_v1.0.md","needs-review/credentialmate-app/docs/RIS/spec_data_table_schema_v1.0.md","2025-11-20T00:00:00Z","needs-review","RIS-2025-11-20-CLEANUP-001-SUPPLEMENT","RIS-2025-11-20-CLEANUP-001","missing_from_initial_plan_execution"
"spec_phase5_security_scanning_v1.0.md","credentialmate-app","docs/RIS/spec_phase5_security_scanning_v1.0.md","needs-review/credentialmate-app/docs/RIS/spec_phase5_security_scanning_v1.0.md","2025-11-20T00:00:00Z","needs-review","RIS-2025-11-20-CLEANUP-001-SUPPLEMENT","RIS-2025-11-20-CLEANUP-001","missing_from_initial_plan_execution"
"spec_ris_documentation_standards_v1.0.md","credentialmate-app","docs/RIS/spec_ris_documentation_standards_v1.0.md","needs-review/credentialmate-app/docs/RIS/spec_ris_documentation_standards_v1.0.md","2025-11-20T00:00:00Z","needs-review","RIS-2025-11-20-CLEANUP-001-SUPPLEMENT","RIS-2025-11-20-CLEANUP-001","missing_from_initial_plan_execution"
"spec_schema_documentation_v1.0.md","credentialmate-app","docs/RIS/spec_schema_documentation_v1.0.md","needs-review/credentialmate-app/docs/RIS/spec_schema_documentation_v1.0.md","2025-11-20T00:00:00Z","needs-review","RIS-2025-11-20-CLEANUP-001-SUPPLEMENT","RIS-2025-11-20-CLEANUP-001","missing_from_initial_plan_execution"
"spec_security_audit_v1.0.md","credentialmate-app","docs/RIS/spec_security_audit_v1.0.md","needs-review/credentialmate-app/docs/RIS/spec_security_audit_v1.0.md","2025-11-20T00:00:00Z","needs-review","RIS-2025-11-20-CLEANUP-001-SUPPLEMENT","RIS-2025-11-20-CLEANUP-001","missing_from_initial_plan_execution"
"design_pricing_page_screenshot_guide_v1.0.md","credentialmate-app","docs/ux-ui/outputs/design_pricing_page_screenshot_guide_v1.0.md","needs-review/credentialmate-app/docs/ux-ui/outputs/design_pricing_page_screenshot_guide_v1.0.md","2025-11-20T00:00:00Z","needs-review","RIS-2025-11-20-CLEANUP-001-SUPPLEMENT","RIS-2025-11-20-CLEANUP-001","missing_from_initial_plan_execution"
"design_session_1_11_continuity_prompt_v1.0.md","credentialmate-app","docs/ux-ui/outputs/design_session_1_11_continuity_prompt_v1.0.md","needs-review/credentialmate-app/docs/ux-ui/outputs/design_session_1_11_continuity_prompt_v1.0.md","2025-11-20T00:00:00Z","needs-review","RIS-2025-11-20-CLEANUP-001-SUPPLEMENT","RIS-2025-11-20-CLEANUP-001","missing_from_initial_plan_execution"
"design_ui_ux_0_1_addendum_corrections_v1.0.md","credentialmate-app","docs/ux-ui/outputs/design_ui_ux_0_1_addendum_corrections_v1.0.md","needs-review/credentialmate-app/docs/ux-ui/outputs/design_ui_ux_0_1_addendum_corrections_v1.0.md","2025-11-20T00:00:00Z","needs-review","RIS-2025-11-20-CLEANUP-001-SUPPLEMENT","RIS-2025-11-20-CLEANUP-001","missing_from_initial_plan_execution"
"diag_alternative_bedrock_models_analysis_v1.0.md","credentialmate-app","docs/ux-ui/outputs/diag_alternative_bedrock_models_analysis_v1.0.md","needs-review/credentialmate-app/docs/ux-ui/outputs/diag_alternative_bedrock_models_analysis_v1.0.md","2025-11-20T00:00:00Z","needs-review","RIS-2025-11-20-CLEANUP-001-SUPPLEMENT","RIS-2025-11-20-CLEANUP-001","missing_from_initial_plan_execution"
"diag_model_upgrade_impact_analysis_v1.0.md","credentialmate-app","docs/ux-ui/outputs/diag_model_upgrade_impact_analysis_v1.0.md","needs-review/credentialmate-app/docs/ux-ui/outputs/diag_model_upgrade_impact_analysis_v1.0.md","2025-11-20T00:00:00Z","needs-review","RIS-2025-11-20-CLEANUP-001-SUPPLEMENT","RIS-2025-11-20-CLEANUP-001","missing_from_initial_plan_execution"
"diag_session_1_10_comprehensive_analysis_v1.0.md","credentialmate-app","docs/ux-ui/outputs/diag_session_1_10_comprehensive_analysis_v1.0.md","needs-review/credentialmate-app/docs/ux-ui/outputs/diag_session_1_10_comprehensive_analysis_v1.0.md","2025-11-20T00:00:00Z","needs-review","RIS-2025-11-20-CLEANUP-001-SUPPLEMENT","RIS-2025-11-20-CLEANUP-001","missing_from_initial_plan_execution"
"diag_session_1_11_extraction_comparison_analysis_v1.0.md","credentialmate-app","docs/ux-ui/outputs/diag_session_1_11_extraction_comparison_analysis_v1.0.md","needs-review/credentialmate-app/docs/ux-ui/outputs/diag_session_1_11_extraction_comparison_analysis_v1.0.md","2025-11-20T00:00:00Z","needs-review","RIS-2025-11-20-CLEANUP-001-SUPPLEMENT","RIS-2025-11-20-CLEANUP-001","missing_from_initial_plan_execution"
"diag_session_1_12_systematic_gt_fix_plan_v1.0.md","credentialmate-app","docs/ux-ui/outputs/diag_session_1_12_systematic_gt_fix_plan_v1.0.md","needs-review/credentialmate-app/docs/ux-ui/outputs/diag_session_1_12_systematic_gt_fix_plan_v1.0.md","2025-11-20T00:00:00Z","needs-review","RIS-2025-11-20-CLEANUP-001-SUPPLEMENT","RIS-2025-11-20-CLEANUP-001","missing_from_initial_plan_execution"
"diag_session_1_2_deliverables_report_v1.0.md","credentialmate-app","docs/ux-ui/outputs/diag_session_1_2_deliverables_report_v1.0.md","needs-review/credentialmate-app/docs/ux-ui/outputs/diag_session_1_2_deliverables_report_v1.0.md","2025-11-20T00:00:00Z","needs-review","RIS-2025-11-20-CLEANUP-001-SUPPLEMENT","RIS-2025-11-20-CLEANUP-001","missing_from_initial_plan_execution"
"diag_session_1_3_accuracy_report_v1.0.md","credentialmate-app","docs/ux-ui/outputs/diag_session_1_3_accuracy_report_v1.0.md","needs-review/credentialmate-app/docs/ux-ui/outputs/diag_session_1_3_accuracy_report_v1.0.md","2025-11-20T00:00:00Z","needs-review","RIS-2025-11-20-CLEANUP-001-SUPPLEMENT","RIS-2025-11-20-CLEANUP-001","missing_from_initial_plan_execution"
"diag_session_1_3_deliverables_report_v1.0.md","credentialmate-app","docs/ux-ui/outputs/diag_session_1_3_deliverables_report_v1.0.md","needs-review/credentialmate-app/docs/ux-ui/outputs/diag_session_1_3_deliverables_report_v1.0.md","2025-11-20T00:00:00Z","needs-review","RIS-2025-11-20-CLEANUP-001-SUPPLEMENT","RIS-2025-11-20-CLEANUP-001","missing_from_initial_plan_execution"
"diag_session_1_4_field_extraction_report_v1.0.md","credentialmate-app","docs/ux-ui/outputs/diag_session_1_4_field_extraction_report_v1.0.md","needs-review/credentialmate-app/docs/ux-ui/outputs/diag_session_1_4_field_extraction_report_v1.0.md","2025-11-20T00:00:00Z","needs-review","RIS-2025-11-20-CLEANUP-001-SUPPLEMENT","RIS-2025-11-20-CLEANUP-001","missing_from_initial_plan_execution"
"diag_session_1_5_field_extraction_improvement_report_v1.0.md","credentialmate-app","docs/ux-ui/outputs/diag_session_1_5_field_extraction_improvement_report_v1.0.md","needs-review/credentialmate-app/docs/ux-ui/outputs/diag_session_1_5_field_extraction_improvement_report_v1.0.md","2025-11-20T00:00:00Z","needs-review","RIS-2025-11-20-CLEANUP-001-SUPPLEMENT","RIS-2025-11-20-CLEANUP-001","missing_from_initial_plan_execution"
"diag_session_1_7_findings_v1.0.md","credentialmate-app","docs/ux-ui/outputs/diag_session_1_7_findings_v1.0.md","needs-review/credentialmate-app/docs/ux-ui/outputs/diag_session_1_7_findings_v1.0.md","2025-11-20T00:00:00Z","needs-review","RIS-2025-11-20-CLEANUP-001-SUPPLEMENT","RIS-2025-11-20-CLEANUP-001","missing_from_initial_plan_execution"
"diag_session_1_8_title_fix_summary_v1.0.md","credentialmate-app","docs/ux-ui/outputs/diag_session_1_8_title_fix_summary_v1.0.md","needs-review/credentialmate-app/docs/ux-ui/outputs/diag_session_1_8_title_fix_summary_v1.0.md","2025-11-20T00:00:00Z","needs-review","RIS-2025-11-20-CLEANUP-001-SUPPLEMENT","RIS-2025-11-20-CLEANUP-001","missing_from_initial_plan_execution"
"diag_session_1_9_regression_analysis_v1.0.md","credentialmate-app","docs/ux-ui/outputs/diag_session_1_9_regression_analysis_v1.0.md","needs-review/credentialmate-app/docs/ux-ui/outputs/diag_session_1_9_regression_analysis_v1.0.md","2025-11-20T00:00:00Z","needs-review","RIS-2025-11-20-CLEANUP-001-SUPPLEMENT","RIS-2025-11-20-CLEANUP-001","missing_from_initial_plan_execution"
"diag_session_2_1_calibration_analysis_v1.0.md","credentialmate-app","docs/ux-ui/outputs/diag_session_2_1_calibration_analysis_v1.0.md","needs-review/credentialmate-app/docs/ux-ui/outputs/diag_session_2_1_calibration_analysis_v1.0.md","2025-11-20T00:00:00Z","needs-review","RIS-2025-11-20-CLEANUP-001-SUPPLEMENT","RIS-2025-11-20-CLEANUP-001","missing_from_initial_plan_execution"
"diag_session_2_2_discrepancy_analysis_report_v1.0.md","credentialmate-app","docs/ux-ui/outputs/diag_session_2_2_discrepancy_analysis_report_v1.0.md","needs-review/credentialmate-app/docs/ux-ui/outputs/diag_session_2_2_discrepancy_analysis_report_v1.0.md","2025-11-20T00:00:00Z","needs-review","RIS-2025-11-20-CLEANUP-001-SUPPLEMENT","RIS-2025-11-20-CLEANUP-001","missing_from_initial_plan_execution"
"diag_session_2_3_1_validation_report_v1.0.md","credentialmate-app","docs/ux-ui/outputs/diag_session_2_3_1_validation_report_v1.0.md","needs-review/credentialmate-app/docs/ux-ui/outputs/diag_session_2_3_1_validation_report_v1.0.md","2025-11-20T00:00:00Z","needs-review","RIS-2025-11-20-CLEANUP-001-SUPPLEMENT","RIS-2025-11-20-CLEANUP-001","missing_from_initial_plan_execution"
"ops_classification_accuracy_results_v1.0.md","credentialmate-app","docs/ux-ui/outputs/ops_classification_accuracy_results_v1.0.md","needs-review/credentialmate-app/docs/ux-ui/outputs/ops_classification_accuracy_results_v1.0.md","2025-11-20T00:00:00Z","needs-review","RIS-2025-11-20-CLEANUP-001-SUPPLEMENT","RIS-2025-11-20-CLEANUP-001","missing_from_initial_plan_execution"
"ops_final_pricing_structure_v1.0.md","credentialmate-app","docs/ux-ui/outputs/ops_final_pricing_structure_v1.0.md","needs-review/credentialmate-app/docs/ux-ui/outputs/ops_final_pricing_structure_v1.0.md","2025-11-20T00:00:00Z","needs-review","RIS-2025-11-20-CLEANUP-001-SUPPLEMENT","RIS-2025-11-20-CLEANUP-001","missing_from_initial_plan_execution"
"ops_final_solution_summary_v1.0.md","credentialmate-app","docs/ux-ui/outputs/ops_final_solution_summary_v1.0.md","needs-review/credentialmate-app/docs/ux-ui/outputs/ops_final_solution_summary_v1.0.md","2025-11-20T00:00:00Z","needs-review","RIS-2025-11-20-CLEANUP-001-SUPPLEMENT","RIS-2025-11-20-CLEANUP-001","missing_from_initial_plan_execution"
"ops_llm_comparison_20251118_outcomes_decision_v1.0.md","credentialmate-app","docs/ux-ui/outputs/ops_llm_comparison_20251118_outcomes_decision_v1.0.md","needs-review/credentialmate-app/docs/ux-ui/outputs/ops_llm_comparison_20251118_outcomes_decision_v1.0.md","2025-11-20T00:00:00Z","needs-review","RIS-2025-11-20-CLEANUP-001-SUPPLEMENT","RIS-2025-11-20-CLEANUP-001","missing_from_initial_plan_execution"
"ops_phase_0_session_1_final_summary_v1.0.md","credentialmate-app","docs/ux-ui/outputs/ops_phase_0_session_1_final_summary_v1.0.md","needs-review/credentialmate-app/docs/ux-ui/outputs/ops_phase_0_session_1_final_summary_v1.0.md","2025-11-20T00:00:00Z","needs-review","RIS-2025-11-20-CLEANUP-001-SUPPLEMENT","RIS-2025-11-20-CLEANUP-001","missing_from_initial_plan_execution"
"ops_phase_1_document_upload_limits_v1.0.md","credentialmate-app","docs/ux-ui/outputs/ops_phase_1_document_upload_limits_v1.0.md","needs-review/credentialmate-app/docs/ux-ui/outputs/ops_phase_1_document_upload_limits_v1.0.md","2025-11-20T00:00:00Z","needs-review","RIS-2025-11-20-CLEANUP-001-SUPPLEMENT","RIS-2025-11-20-CLEANUP-001","missing_from_initial_plan_execution"
"ops_pricing_page_cmo_recommendations_v1.0.md","credentialmate-app","docs/ux-ui/outputs/ops_pricing_page_cmo_recommendations_v1.0.md","needs-review/credentialmate-app/docs/ux-ui/outputs/ops_pricing_page_cmo_recommendations_v1.0.md","2025-11-20T00:00:00Z","needs-review","RIS-2025-11-20-CLEANUP-001-SUPPLEMENT","RIS-2025-11-20-CLEANUP-001","missing_from_initial_plan_execution"
"ops_pricing_update_summary_v1.0.md","credentialmate-app","docs/ux-ui/outputs/ops_pricing_update_summary_v1.0.md","needs-review/credentialmate-app/docs/ux-ui/outputs/ops_pricing_update_summary_v1.0.md","2025-11-20T00:00:00Z","needs-review","RIS-2025-11-20-CLEANUP-001-SUPPLEMENT","RIS-2025-11-20-CLEANUP-001","missing_from_initial_plan_execution"
"ops_session_0_2_100pct_complete_v1.0.md","credentialmate-app","docs/ux-ui/outputs/ops_session_0_2_100pct_complete_v1.0.md","needs-review/credentialmate-app/docs/ux-ui/outputs/ops_session_0_2_100pct_complete_v1.0.md","2025-11-20T00:00:00Z","needs-review","RIS-2025-11-20-CLEANUP-001-SUPPLEMENT","RIS-2025-11-20-CLEANUP-001","missing_from_initial_plan_execution"
"ops_session_0_2_completion_summary_v1.0.md","credentialmate-app","docs/ux-ui/outputs/ops_session_0_2_completion_summary_v1.0.md","needs-review/credentialmate-app/docs/ux-ui/outputs/ops_session_0_2_completion_summary_v1.0.md","2025-11-20T00:00:00Z","needs-review","RIS-2025-11-20-CLEANUP-001-SUPPLEMENT","RIS-2025-11-20-CLEANUP-001","missing_from_initial_plan_execution"
"ops_session_0_2_final_status_v1.0.md","credentialmate-app","docs/ux-ui/outputs/ops_session_0_2_final_status_v1.0.md","needs-review/credentialmate-app/docs/ux-ui/outputs/ops_session_0_2_final_status_v1.0.md","2025-11-20T00:00:00Z","needs-review","RIS-2025-11-20-CLEANUP-001-SUPPLEMENT","RIS-2025-11-20-CLEANUP-001","missing_from_initial_plan_execution"
"ops_session_0_2_implementation_plan_v1.0.md","credentialmate-app","docs/ux-ui/outputs/ops_session_0_2_implementation_plan_v1.0.md","needs-review/credentialmate-app/docs/ux-ui/outputs/ops_session_0_2_implementation_plan_v1.0.md","2025-11-20T00:00:00Z","needs-review","RIS-2025-11-20-CLEANUP-001-SUPPLEMENT","RIS-2025-11-20-CLEANUP-001","missing_from_initial_plan_execution"
"ops_session_0_2_integration_complete_v1.0.md","credentialmate-app","docs/ux-ui/outputs/ops_session_0_2_integration_complete_v1.0.md","needs-review/credentialmate-app/docs/ux-ui/outputs/ops_session_0_2_integration_complete_v1.0.md","2025-11-20T00:00:00Z","needs-review","RIS-2025-11-20-CLEANUP-001-SUPPLEMENT","RIS-2025-11-20-CLEANUP-001","missing_from_initial_plan_execution"
"ops_session_0_3_completion_summary_v1.0.md","credentialmate-app","docs/ux-ui/outputs/ops_session_0_3_completion_summary_v1.0.md","needs-review/credentialmate-app/docs/ux-ui/outputs/ops_session_0_3_completion_summary_v1.0.md","2025-11-20T00:00:00Z","needs-review","RIS-2025-11-20-CLEANUP-001-SUPPLEMENT","RIS-2025-11-20-CLEANUP-001","missing_from_initial_plan_execution"
"ops_session_1_10_revert_to_stable_baseline_v1.0.md","credentialmate-app","docs/ux-ui/outputs/ops_session_1_10_revert_to_stable_baseline_v1.0.md","needs-review/credentialmate-app/docs/ux-ui/outputs/ops_session_1_10_revert_to_stable_baseline_v1.0.md","2025-11-20T00:00:00Z","needs-review","RIS-2025-11-20-CLEANUP-001-SUPPLEMENT","RIS-2025-11-20-CLEANUP-001","missing_from_initial_plan_execution"
"ops_session_1_12_complete_summary_v1.0.md","credentialmate-app","docs/ux-ui/outputs/ops_session_1_12_complete_summary_v1.0.md","needs-review/credentialmate-app/docs/ux-ui/outputs/ops_session_1_12_complete_summary_v1.0.md","2025-11-20T00:00:00Z","needs-review","RIS-2025-11-20-CLEANUP-001-SUPPLEMENT","RIS-2025-11-20-CLEANUP-001","missing_from_initial_plan_execution"
"ops_session_1_12_comprehensive_summary_v1.0.md","credentialmate-app","docs/ux-ui/outputs/ops_session_1_12_comprehensive_summary_v1.0.md","needs-review/credentialmate-app/docs/ux-ui/outputs/ops_session_1_12_comprehensive_summary_v1.0.md","2025-11-20T00:00:00Z","needs-review","RIS-2025-11-20-CLEANUP-001-SUPPLEMENT","RIS-2025-11-20-CLEANUP-001","missing_from_initial_plan_execution"
"ops_session_1_12_continuation_prompt_v1.0.md","credentialmate-app","docs/ux-ui/outputs/ops_session_1_12_continuation_prompt_v1.0.md","needs-review/credentialmate-app/docs/ux-ui/outputs/ops_session_1_12_continuation_prompt_v1.0.md","2025-11-20T00:00:00Z","needs-review","RIS-2025-11-20-CLEANUP-001-SUPPLEMENT","RIS-2025-11-20-CLEANUP-001","missing_from_initial_plan_execution"
"ops_session_1_12_executive_summary_v1.0.md","credentialmate-app","docs/ux-ui/outputs/ops_session_1_12_executive_summary_v1.0.md","needs-review/credentialmate-app/docs/ux-ui/outputs/ops_session_1_12_executive_summary_v1.0.md","2025-11-20T00:00:00Z","needs-review","RIS-2025-11-20-CLEANUP-001-SUPPLEMENT","RIS-2025-11-20-CLEANUP-001","missing_from_initial_plan_execution"
"ops_session_1_12_final_summary_moved_v1.0.md","credentialmate-app","docs/ux-ui/outputs/ops_session_1_12_final_summary_moved_v1.0.md","needs-review/credentialmate-app/docs/ux-ui/outputs/ops_session_1_12_final_summary_moved_v1.0.md","2025-11-20T00:00:00Z","needs-review","RIS-2025-11-20-CLEANUP-001-SUPPLEMENT","RIS-2025-11-20-CLEANUP-001","missing_from_initial_plan_execution"
"ops_session_1_12_final_summary_v1.0.md","credentialmate-app","docs/ux-ui/outputs/ops_session_1_12_final_summary_v1.0.md","needs-review/credentialmate-app/docs/ux-ui/outputs/ops_session_1_12_final_summary_v1.0.md","2025-11-20T00:00:00Z","needs-review","RIS-2025-11-20-CLEANUP-001-SUPPLEMENT","RIS-2025-11-20-CLEANUP-001","missing_from_initial_plan_execution"
"ops_session_1_12_option_a_results_v1.0.md","credentialmate-app","docs/ux-ui/outputs/ops_session_1_12_option_a_results_v1.0.md","needs-review/credentialmate-app/docs/ux-ui/outputs/ops_session_1_12_option_a_results_v1.0.md","2025-11-20T00:00:00Z","needs-review","RIS-2025-11-20-CLEANUP-001-SUPPLEMENT","RIS-2025-11-20-CLEANUP-001","missing_from_initial_plan_execution"
"ops_session_1_12_option_c_results_v1.0.md","credentialmate-app","docs/ux-ui/outputs/ops_session_1_12_option_c_results_v1.0.md","needs-review/credentialmate-app/docs/ux-ui/outputs/ops_session_1_12_option_c_results_v1.0.md","2025-11-20T00:00:00Z","needs-review","RIS-2025-11-20-CLEANUP-001-SUPPLEMENT","RIS-2025-11-20-CLEANUP-001","missing_from_initial_plan_execution"
"ops_session_1_2_final_summary_v1.0.md","credentialmate-app","docs/ux-ui/outputs/ops_session_1_2_final_summary_v1.0.md","needs-review/credentialmate-app/docs/ux-ui/outputs/ops_session_1_2_final_summary_v1.0.md","2025-11-20T00:00:00Z","needs-review","RIS-2025-11-20-CLEANUP-001-SUPPLEMENT","RIS-2025-11-20-CLEANUP-001","missing_from_initial_plan_execution"
"ops_session_1_3_final_summary_v1.0.md","credentialmate-app","docs/ux-ui/outputs/ops_session_1_3_final_summary_v1.0.md","needs-review/credentialmate-app/docs/ux-ui/outputs/ops_session_1_3_final_summary_v1.0.md","2025-11-20T00:00:00Z","needs-review","RIS-2025-11-20-CLEANUP-001-SUPPLEMENT","RIS-2025-11-20-CLEANUP-001","missing_from_initial_plan_execution"
"ops_session_1_7_complete_solution_summary_v1.0.md","credentialmate-app","docs/ux-ui/outputs/ops_session_1_7_complete_solution_summary_v1.0.md","needs-review/credentialmate-app/docs/ux-ui/outputs/ops_session_1_7_complete_solution_summary_v1.0.md","2025-11-20T00:00:00Z","needs-review","RIS-2025-11-20-CLEANUP-001-SUPPLEMENT","RIS-2025-11-20-CLEANUP-001","missing_from_initial_plan_execution"
"ops_session_2_1_implementation_summary_v1.0.md","credentialmate-app","docs/ux-ui/outputs/ops_session_2_1_implementation_summary_v1.0.md","needs-review/credentialmate-app/docs/ux-ui/outputs/ops_session_2_1_implementation_summary_v1.0.md","2025-11-20T00:00:00Z","needs-review","RIS-2025-11-20-CLEANUP-001-SUPPLEMENT","RIS-2025-11-20-CLEANUP-001","missing_from_initial_plan_execution"
"ops_session_2_2_complete_summary_v1.0.md","credentialmate-app","docs/ux-ui/outputs/ops_session_2_2_complete_summary_v1.0.md","needs-review/credentialmate-app/docs/ux-ui/outputs/ops_session_2_2_complete_summary_v1.0.md","2025-11-20T00:00:00Z","needs-review","RIS-2025-11-20-CLEANUP-001-SUPPLEMENT","RIS-2025-11-20-CLEANUP-001","missing_from_initial_plan_execution"
"ops_session_2_2_field_improvement_recommendations_v1.0.md","credentialmate-app","docs/ux-ui/outputs/ops_session_2_2_field_improvement_recommendations_v1.0.md","needs-review/credentialmate-app/docs/ux-ui/outputs/ops_session_2_2_field_improvement_recommendations_v1.0.md","2025-11-20T00:00:00Z","needs-review","RIS-2025-11-20-CLEANUP-001-SUPPLEMENT","RIS-2025-11-20-CLEANUP-001","missing_from_initial_plan_execution"
"ops_session_2_3_1_implementation_summary_v1.0.md","credentialmate-app","docs/ux-ui/outputs/ops_session_2_3_1_implementation_summary_v1.0.md","needs-review/credentialmate-app/docs/ux-ui/outputs/ops_session_2_3_1_implementation_summary_v1.0.md","2025-11-20T00:00:00Z","needs-review","RIS-2025-11-20-CLEANUP-001-SUPPLEMENT","RIS-2025-11-20-CLEANUP-001","missing_from_initial_plan_execution"
"ops_session_2_3_2_cme_charts_implementation_v1.0.md","credentialmate-app","docs/ux-ui/outputs/ops_session_2_3_2_cme_charts_implementation_v1.0.md","needs-review/credentialmate-app/docs/ux-ui/outputs/ops_session_2_3_2_cme_charts_implementation_v1.0.md","2025-11-20T00:00:00Z","needs-review","RIS-2025-11-20-CLEANUP-001-SUPPLEMENT","RIS-2025-11-20-CLEANUP-001","missing_from_initial_plan_execution"
"ops_session_2_3_3_document_flow_implementation_v1.0.md","credentialmate-app","docs/ux-ui/outputs/ops_session_2_3_3_document_flow_implementation_v1.0.md","needs-review/credentialmate-app/docs/ux-ui/outputs/ops_session_2_3_3_document_flow_implementation_v1.0.md","2025-11-20T00:00:00Z","needs-review","RIS-2025-11-20-CLEANUP-001-SUPPLEMENT","RIS-2025-11-20-CLEANUP-001","missing_from_initial_plan_execution"
"ops_session_2_3_session_1_implementation_summary_v1.0.md","credentialmate-app","docs/ux-ui/outputs/ops_session_2_3_session_1_implementation_summary_v1.0.md","needs-review/credentialmate-app/docs/ux-ui/outputs/ops_session_2_3_session_1_implementation_summary_v1.0.md","2025-11-20T00:00:00Z","needs-review","RIS-2025-11-20-CLEANUP-001-SUPPLEMENT","RIS-2025-11-20-CLEANUP-001","missing_from_initial_plan_execution"
"spec_ground_truth_audit_summary_v1.0.md","credentialmate-app","docs/ux-ui/outputs/spec_ground_truth_audit_summary_v1.0.md","needs-review/credentialmate-app/docs/ux-ui/outputs/spec_ground_truth_audit_summary_v1.0.md","2025-11-20T00:00:00Z","needs-review","RIS-2025-11-20-CLEANUP-001-SUPPLEMENT","RIS-2025-11-20-CLEANUP-001","missing_from_initial_plan_execution"
"spec_session_1_12_ground_truth_audit_results_v1.0.md","credentialmate-app","docs/ux-ui/outputs/spec_session_1_12_ground_truth_audit_results_v1.0.md","needs-review/credentialmate-app/docs/ux-ui/outputs/spec_session_1_12_ground_truth_audit_results_v1.0.md","2025-11-20T00:00:00Z","needs-review","RIS-2025-11-20-CLEANUP-001-SUPPLEMENT","RIS-2025-11-20-CLEANUP-001","missing_from_initial_plan_execution"
"spec_session_1_6_schema_harmonization_report_v1.0.md","credentialmate-app","docs/ux-ui/outputs/spec_session_1_6_schema_harmonization_report_v1.0.md","needs-review/credentialmate-app/docs/ux-ui/outputs/spec_session_1_6_schema_harmonization_report_v1.0.md","2025-11-20T00:00:00Z","needs-review","RIS-2025-11-20-CLEANUP-001-SUPPLEMENT","RIS-2025-11-20-CLEANUP-001","missing_from_initial_plan_execution"
"ops_deployment_v1.0.md","credentialmate-app","docs/ops_deployment_v1.0.md","needs-review/credentialmate-app/docs/ops_deployment_v1.0.md","2025-11-20T00:00:00Z","needs-review","RIS-2025-11-20-CLEANUP-001-SUPPLEMENT","RIS-2025-11-20-CLEANUP-001","missing_from_initial_plan_execution"
"api_api_testing_report_v1.0.md","credentialmate-app","api_api_testing_report_v1.0.md","needs-review/credentialmate-app/api_api_testing_report_v1.0.md","2025-11-20T00:00:00Z","needs-review","RIS-2025-11-20-CLEANUP-001-SUPPLEMENT","RIS-2025-11-20-CLEANUP-001","missing_from_initial_plan_execution"
"api_database_api_usage_guide_v1.0.md","credentialmate-app","api_database_api_usage_guide_v1.0.md","needs-review/credentialmate-app/api_database_api_usage_guide_v1.0.md","2025-11-20T00:00:00Z","needs-review","RIS-2025-11-20-CLEANUP-001-SUPPLEMENT","RIS-2025-11-20-CLEANUP-001","missing_from_initial_plan_execution"
"api_m2_t3_endpoint_wiring_complete_v1.0.md","credentialmate-app","api_m2_t3_endpoint_wiring_complete_v1.0.md","needs-review/credentialmate-app/api_m2_t3_endpoint_wiring_complete_v1.0.md","2025-11-20T00:00:00Z","needs-review","RIS-2025-11-20-CLEANUP-001-SUPPLEMENT","RIS-2025-11-20-CLEANUP-001","missing_from_initial_plan_execution"
"api_m2_t4_phase2_admin_endpoints_fix_v1.0.md","credentialmate-app","api_m2_t4_phase2_admin_endpoints_fix_v1.0.md","needs-review/credentialmate-app/api_m2_t4_phase2_admin_endpoints_fix_v1.0.md","2025-11-20T00:00:00Z","needs-review","RIS-2025-11-20-CLEANUP-001-SUPPLEMENT","RIS-2025-11-20-CLEANUP-001","missing_from_initial_plan_execution"
"api_wiring_quick_reference_v1.0.md","credentialmate-app","api_wiring_quick_reference_v1.0.md","needs-review/credentialmate-app/api_wiring_quick_reference_v1.0.md","2025-11-20T00:00:00Z","needs-review","RIS-2025-11-20-CLEANUP-001-SUPPLEMENT","RIS-2025-11-20-CLEANUP-001","missing_from_initial_plan_execution"
"design_docker_quick_commands_v1.0.md","credentialmate-app","design_docker_quick_commands_v1.0.md","needs-review/credentialmate-app/design_docker_quick_commands_v1.0.md","2025-11-20T00:00:00Z","needs-review","RIS-2025-11-20-CLEANUP-001-SUPPLEMENT","RIS-2025-11-20-CLEANUP-001","missing_from_initial_plan_execution"
"design_final_pre_rebuild_assessment_v1.0.md","credentialmate-app","design_final_pre_rebuild_assessment_v1.0.md","needs-review/credentialmate-app/design_final_pre_rebuild_assessment_v1.0.md","2025-11-20T00:00:00Z","needs-review","RIS-2025-11-20-CLEANUP-001-SUPPLEMENT","RIS-2025-11-20-CLEANUP-001","missing_from_initial_plan_execution"
"design_m2_t4_quick_reference_v1.0.md","credentialmate-app","design_m2_t4_quick_reference_v1.0.md","needs-review/credentialmate-app/design_m2_t4_quick_reference_v1.0.md","2025-11-20T00:00:00Z","needs-review","RIS-2025-11-20-CLEANUP-001-SUPPLEMENT","RIS-2025-11-20-CLEANUP-001","missing_from_initial_plan_execution"
"design_phase2_quick_reference_v1.0.md","credentialmate-app","design_phase2_quick_reference_v1.0.md","needs-review/credentialmate-app/design_phase2_quick_reference_v1.0.md","2025-11-20T00:00:00Z","needs-review","RIS-2025-11-20-CLEANUP-001-SUPPLEMENT","RIS-2025-11-20-CLEANUP-001","missing_from_initial_plan_execution"
"design_phase_1_project_management_framework_v1.0.md","credentialmate-app","design_phase_1_project_management_framework_v1.0.md","needs-review/credentialmate-app/design_phase_1_project_management_framework_v1.0.md","2025-11-20T00:00:00Z","needs-review","RIS-2025-11-20-CLEANUP-001-SUPPLEMENT","RIS-2025-11-20-CLEANUP-001","missing_from_initial_plan_execution"
"design_pre_rebuild_checklist_v1.0.md","credentialmate-app","design_pre_rebuild_checklist_v1.0.md","needs-review/credentialmate-app/design_pre_rebuild_checklist_v1.0.md","2025-11-20T00:00:00Z","needs-review","RIS-2025-11-20-CLEANUP-001-SUPPLEMENT","RIS-2025-11-20-CLEANUP-001","missing_from_initial_plan_execution"
"design_pre_rebuild_status_v1.0.md","credentialmate-app","design_pre_rebuild_status_v1.0.md","needs-review/credentialmate-app/design_pre_rebuild_status_v1.0.md","2025-11-20T00:00:00Z","needs-review","RIS-2025-11-20-CLEANUP-001-SUPPLEMENT","RIS-2025-11-20-CLEANUP-001","missing_from_initial_plan_execution"
"design_quickstart_v1.0.md","credentialmate-app","design_quickstart_v1.0.md","needs-review/credentialmate-app/design_quickstart_v1.0.md","2025-11-20T00:00:00Z","needs-review","RIS-2025-11-20-CLEANUP-001-SUPPLEMENT","RIS-2025-11-20-CLEANUP-001","missing_from_initial_plan_execution"
"design_quick_fix_guide_v1.0.md","credentialmate-app","design_quick_fix_guide_v1.0.md","needs-review/credentialmate-app/design_quick_fix_guide_v1.0.md","2025-11-20T00:00:00Z","needs-review","RIS-2025-11-20-CLEANUP-001-SUPPLEMENT","RIS-2025-11-20-CLEANUP-001","missing_from_initial_plan_execution"
"design_quick_start_v1.0.md","credentialmate-app","design_quick_start_v1.0.md","needs-review/credentialmate-app/design_quick_start_v1.0.md","2025-11-20T00:00:00Z","needs-review","RIS-2025-11-20-CLEANUP-001-SUPPLEMENT","RIS-2025-11-20-CLEANUP-001","missing_from_initial_plan_execution"
"design_session_continuity_m2_t4_v1.0.md","credentialmate-app","design_session_continuity_m2_t4_v1.0.md","needs-review/credentialmate-app/design_session_continuity_m2_t4_v1.0.md","2025-11-20T00:00:00Z","needs-review","RIS-2025-11-20-CLEANUP-001-SUPPLEMENT","RIS-2025-11-20-CLEANUP-001","missing_from_initial_plan_execution"
"diag_authentication_500_error_fixes_v1.0.md","credentialmate-app","diag_authentication_500_error_fixes_v1.0.md","needs-review/credentialmate-app/diag_authentication_500_error_fixes_v1.0.md","2025-11-20T00:00:00Z","needs-review","RIS-2025-11-20-CLEANUP-001-SUPPLEMENT","RIS-2025-11-20-CLEANUP-001","missing_from_initial_plan_execution"
"diag_authentication_500_error_root_cause_analysis_v1.0.md","credentialmate-app","diag_authentication_500_error_root_cause_analysis_v1.0.md","needs-review/credentialmate-app/diag_authentication_500_error_root_cause_analysis_v1.0.md","2025-11-20T00:00:00Z","needs-review","RIS-2025-11-20-CLEANUP-001-SUPPLEMENT","RIS-2025-11-20-CLEANUP-001","missing_from_initial_plan_execution"
"diag_aws_bedrock_throttling_analysis_v1.0.md","credentialmate-app","diag_aws_bedrock_throttling_analysis_v1.0.md","needs-review/credentialmate-app/diag_aws_bedrock_throttling_analysis_v1.0.md","2025-11-20T00:00:00Z","needs-review","RIS-2025-11-20-CLEANUP-001-SUPPLEMENT","RIS-2025-11-20-CLEANUP-001","missing_from_initial_plan_execution"
"diag_branch_protection_report_v1.0.md","credentialmate-app","diag_branch_protection_report_v1.0.md","needs-review/credentialmate-app/diag_branch_protection_report_v1.0.md","2025-11-20T00:00:00Z","needs-review","RIS-2025-11-20-CLEANUP-001-SUPPLEMENT","RIS-2025-11-20-CLEANUP-001","missing_from_initial_plan_execution"
"diag_critical_fixes_applied_v1.0.md","credentialmate-app","diag_critical_fixes_applied_v1.0.md","needs-review/credentialmate-app/diag_critical_fixes_applied_v1.0.md","2025-11-20T00:00:00Z","needs-review","RIS-2025-11-20-CLEANUP-001-SUPPLEMENT","RIS-2025-11-20-CLEANUP-001","missing_from_initial_plan_execution"
"diag_docker_diagnostic_report_v1.0.md","credentialmate-app","diag_docker_diagnostic_report_v1.0.md","needs-review/credentialmate-app/diag_docker_diagnostic_report_v1.0.md","2025-11-20T00:00:00Z","needs-review","RIS-2025-11-20-CLEANUP-001-SUPPLEMENT","RIS-2025-11-20-CLEANUP-001","missing_from_initial_plan_execution"
"diag_login_error_investigation_v1.0.md","credentialmate-app","diag_login_error_investigation_v1.0.md","needs-review/credentialmate-app/diag_login_error_investigation_v1.0.md","2025-11-20T00:00:00Z","needs-review","RIS-2025-11-20-CLEANUP-001-SUPPLEMENT","RIS-2025-11-20-CLEANUP-001","missing_from_initial_plan_execution"
"diag_m2_t3_completion_report_v1.0.md","credentialmate-app","diag_m2_t3_completion_report_v1.0.md","needs-review/credentialmate-app/diag_m2_t3_completion_report_v1.0.md","2025-11-20T00:00:00Z","needs-review","RIS-2025-11-20-CLEANUP-001-SUPPLEMENT","RIS-2025-11-20-CLEANUP-001","missing_from_initial_plan_execution"
"diag_m2_t4_final_tdd_status_report_v1.0.md","credentialmate-app","diag_m2_t4_final_tdd_status_report_v1.0.md","needs-review/credentialmate-app/diag_m2_t4_final_tdd_status_report_v1.0.md","2025-11-20T00:00:00Z","needs-review","RIS-2025-11-20-CLEANUP-001-SUPPLEMENT","RIS-2025-11-20-CLEANUP-001","missing_from_initial_plan_execution"
"diag_m2_t4_phase1_completion_report_v1.0.md","credentialmate-app","diag_m2_t4_phase1_completion_report_v1.0.md","needs-review/credentialmate-app/diag_m2_t4_phase1_completion_report_v1.0.md","2025-11-20T00:00:00Z","needs-review","RIS-2025-11-20-CLEANUP-001-SUPPLEMENT","RIS-2025-11-20-CLEANUP-001","missing_from_initial_plan_execution"
"diag_m2_t4_red_phase_readiness_report_v1.0.md","credentialmate-app","diag_m2_t4_red_phase_readiness_report_v1.0.md","needs-review/credentialmate-app/diag_m2_t4_red_phase_readiness_report_v1.0.md","2025-11-20T00:00:00Z","needs-review","RIS-2025-11-20-CLEANUP-001-SUPPLEMENT","RIS-2025-11-20-CLEANUP-001","missing_from_initial_plan_execution"
"diag_milestone_1_completion_report_v1.0.md","credentialmate-app","diag_milestone_1_completion_report_v1.0.md","needs-review/credentialmate-app/diag_milestone_1_completion_report_v1.0.md","2025-11-20T00:00:00Z","needs-review","RIS-2025-11-20-CLEANUP-001-SUPPLEMENT","RIS-2025-11-20-CLEANUP-001","missing_from_initial_plan_execution"
"diag_new_phase_1_orchestration_report_v1.0.md","credentialmate-app","diag_new_phase_1_orchestration_report_v1.0.md","needs-review/credentialmate-app/diag_new_phase_1_orchestration_report_v1.0.md","2025-11-20T00:00:00Z","needs-review","RIS-2025-11-20-CLEANUP-001-SUPPLEMENT","RIS-2025-11-20-CLEANUP-001","missing_from_initial_plan_execution"
"diag_phase2_completion_report_v1.0.md","credentialmate-app","diag_phase2_completion_report_v1.0.md","needs-review/credentialmate-app/diag_phase2_completion_report_v1.0.md","2025-11-20T00:00:00Z","needs-review","RIS-2025-11-20-CLEANUP-001-SUPPLEMENT","RIS-2025-11-20-CLEANUP-001","missing_from_initial_plan_execution"
"diag_phase3_completion_report_v1.0.md","credentialmate-app","diag_phase3_completion_report_v1.0.md","needs-review/credentialmate-app/diag_phase3_completion_report_v1.0.md","2025-11-20T00:00:00Z","needs-review","RIS-2025-11-20-CLEANUP-001-SUPPLEMENT","RIS-2025-11-20-CLEANUP-001","missing_from_initial_plan_execution"
"diag_phase3_end_to_end_test_report_v1.0.md","credentialmate-app","diag_phase3_end_to_end_test_report_v1.0.md","needs-review/credentialmate-app/diag_phase3_end_to_end_test_report_v1.0.md","2025-11-20T00:00:00Z","needs-review","RIS-2025-11-20-CLEANUP-001-SUPPLEMENT","RIS-2025-11-20-CLEANUP-001","missing_from_initial_plan_execution"
"diag_phase7_progress_report_v1.0.md","credentialmate-app","diag_phase7_progress_report_v1.0.md","needs-review/credentialmate-app/diag_phase7_progress_report_v1.0.md","2025-11-20T00:00:00Z","needs-review","RIS-2025-11-20-CLEANUP-001-SUPPLEMENT","RIS-2025-11-20-CLEANUP-001","missing_from_initial_plan_execution"
"diag_phase_8_completion_report_v1.0.md","credentialmate-app","diag_phase_8_completion_report_v1.0.md","needs-review/credentialmate-app/diag_phase_8_completion_report_v1.0.md","2025-11-20T00:00:00Z","needs-review","RIS-2025-11-20-CLEANUP-001-SUPPLEMENT","RIS-2025-11-20-CLEANUP-001","missing_from_initial_plan_execution"
"diag_reassessment_current_state_v1.0.md","credentialmate-app","diag_reassessment_current_state_v1.0.md","needs-review/credentialmate-app/diag_reassessment_current_state_v1.0.md","2025-11-20T00:00:00Z","needs-review","RIS-2025-11-20-CLEANUP-001-SUPPLEMENT","RIS-2025-11-20-CLEANUP-001","missing_from_initial_plan_execution"
"diag_ris_phase5_completion_report_v1.0.md","credentialmate-app","diag_ris_phase5_completion_report_v1.0.md","needs-review/credentialmate-app/diag_ris_phase5_completion_report_v1.0.md","2025-11-20T00:00:00Z","needs-review","RIS-2025-11-20-CLEANUP-001-SUPPLEMENT","RIS-2025-11-20-CLEANUP-001","missing_from_initial_plan_execution"
"diag_ris_phase9_10_completion_report_v1.0.md","credentialmate-app","diag_ris_phase9_10_completion_report_v1.0.md","needs-review/credentialmate-app/diag_ris_phase9_10_completion_report_v1.0.md","2025-11-20T00:00:00Z","needs-review","RIS-2025-11-20-CLEANUP-001-SUPPLEMENT","RIS-2025-11-20-CLEANUP-001","missing_from_initial_plan_execution"
"diag_session_closure_report_v1.0.md","credentialmate-app","diag_session_closure_report_v1.0.md","needs-review/credentialmate-app/diag_session_closure_report_v1.0.md","2025-11-20T00:00:00Z","needs-review","RIS-2025-11-20-CLEANUP-001-SUPPLEMENT","RIS-2025-11-20-CLEANUP-001","missing_from_initial_plan_execution"
"ops_.governance_selfcheck_v1.0.md","credentialmate-app","ops_.governance_selfcheck_v1.0.md","needs-review/credentialmate-app/ops_.governance_selfcheck_v1.0.md","2025-11-20T00:00:00Z","needs-review","RIS-2025-11-20-CLEANUP-001-SUPPLEMENT","RIS-2025-11-20-CLEANUP-001","missing_from_initial_plan_execution"
"ops_.governance_wrapper_v1.0.md","credentialmate-app","ops_.governance_wrapper_v1.0.md","needs-review/credentialmate-app/ops_.governance_wrapper_v1.0.md","2025-11-20T00:00:00Z","needs-review","RIS-2025-11-20-CLEANUP-001-SUPPLEMENT","RIS-2025-11-20-CLEANUP-001","missing_from_initial_plan_execution"
"ops_auto_3002_rls_implementation_summary_v1.0.md","credentialmate-app","ops_auto_3002_rls_implementation_summary_v1.0.md","needs-review/credentialmate-app/ops_auto_3002_rls_implementation_summary_v1.0.md","2025-11-20T00:00:00Z","needs-review","RIS-2025-11-20-CLEANUP-001-SUPPLEMENT","RIS-2025-11-20-CLEANUP-001","missing_from_initial_plan_execution"
"ops_auto_3003_rls_testing_summary_v1.0.md","credentialmate-app","ops_auto_3003_rls_testing_summary_v1.0.md","needs-review/credentialmate-app/ops_auto_3003_rls_testing_summary_v1.0.md","2025-11-20T00:00:00Z","needs-review","RIS-2025-11-20-CLEANUP-001-SUPPLEMENT","RIS-2025-11-20-CLEANUP-001","missing_from_initial_plan_execution"
"ops_aws_deployment_20251119_v1.0.md","credentialmate-app","ops_aws_deployment_20251119_v1.0.md","needs-review/credentialmate-app/ops_aws_deployment_20251119_v1.0.md","2025-11-20T00:00:00Z","needs-review","RIS-2025-11-20-CLEANUP-001-SUPPLEMENT","RIS-2025-11-20-CLEANUP-001","missing_from_initial_plan_execution"
"ops_deployment_checklist_20251119_v1.0.md","credentialmate-app","ops_deployment_checklist_20251119_v1.0.md","needs-review/credentialmate-app/ops_deployment_checklist_20251119_v1.0.md","2025-11-20T00:00:00Z","needs-review","RIS-2025-11-20-CLEANUP-001-SUPPLEMENT","RIS-2025-11-20-CLEANUP-001","missing_from_initial_plan_execution"
"ops_deployment_nginx_v1.0.md","credentialmate-app","ops_deployment_nginx_v1.0.md","needs-review/credentialmate-app/ops_deployment_nginx_v1.0.md","2025-11-20T00:00:00Z","needs-review","RIS-2025-11-20-CLEANUP-001-SUPPLEMENT","RIS-2025-11-20-CLEANUP-001","missing_from_initial_plan_execution"
"ops_deployment_ready_v1.0.md","credentialmate-app","ops_deployment_ready_v1.0.md","needs-review/credentialmate-app/ops_deployment_ready_v1.0.md","2025-11-20T00:00:00Z","needs-review","RIS-2025-11-20-CLEANUP-001-SUPPLEMENT","RIS-2025-11-20-CLEANUP-001","missing_from_initial_plan_execution"
"ops_drift_detection_log_v1.0.md","credentialmate-app","ops_drift_detection_log_v1.0.md","needs-review/credentialmate-app/ops_drift_detection_log_v1.0.md","2025-11-20T00:00:00Z","needs-review","RIS-2025-11-20-CLEANUP-001-SUPPLEMENT","RIS-2025-11-20-CLEANUP-001","missing_from_initial_plan_execution"
"ops_enterprise_deployment_plan_v1.0.md","credentialmate-app","ops_enterprise_deployment_plan_v1.0.md","needs-review/credentialmate-app/ops_enterprise_deployment_plan_v1.0.md","2025-11-20T00:00:00Z","needs-review","RIS-2025-11-20-CLEANUP-001-SUPPLEMENT","RIS-2025-11-20-CLEANUP-001","missing_from_initial_plan_execution"
"ops_executive_summary_v1.0.md","credentialmate-app","ops_executive_summary_v1.0.md","needs-review/credentialmate-app/ops_executive_summary_v1.0.md","2025-11-20T00:00:00Z","needs-review","RIS-2025-11-20-CLEANUP-001-SUPPLEMENT","RIS-2025-11-20-CLEANUP-001","missing_from_initial_plan_execution"
"ops_implementation_summary_v1.0.md","credentialmate-app","ops_implementation_summary_v1.0.md","needs-review/credentialmate-app/ops_implementation_summary_v1.0.md","2025-11-20T00:00:00Z","needs-review","RIS-2025-11-20-CLEANUP-001-SUPPLEMENT","RIS-2025-11-20-CLEANUP-001","missing_from_initial_plan_execution"
"ops_m1_t4_completion_summary_v1.0.md","credentialmate-app","ops_m1_t4_completion_summary_v1.0.md","needs-review/credentialmate-app/ops_m1_t4_completion_summary_v1.0.md","2025-11-20T00:00:00Z","needs-review","RIS-2025-11-20-CLEANUP-001-SUPPLEMENT","RIS-2025-11-20-CLEANUP-001","missing_from_initial_plan_execution"
"ops_m1_t4_file_changes_v1.0.md","credentialmate-app","ops_m1_t4_file_changes_v1.0.md","needs-review/credentialmate-app/ops_m1_t4_file_changes_v1.0.md","2025-11-20T00:00:00Z","needs-review","RIS-2025-11-20-CLEANUP-001-SUPPLEMENT","RIS-2025-11-20-CLEANUP-001","missing_from_initial_plan_execution"
"ops_m1_t6_completion_summary_v1.0.md","credentialmate-app","ops_m1_t6_completion_summary_v1.0.md","needs-review/credentialmate-app/ops_m1_t6_completion_summary_v1.0.md","2025-11-20T00:00:00Z","needs-review","RIS-2025-11-20-CLEANUP-001-SUPPLEMENT","RIS-2025-11-20-CLEANUP-001","missing_from_initial_plan_execution"
"ops_m2_execution_progress_v1.0.md","credentialmate-app","ops_m2_execution_progress_v1.0.md","needs-review/credentialmate-app/ops_m2_execution_progress_v1.0.md","2025-11-20T00:00:00Z","needs-review","RIS-2025-11-20-CLEANUP-001-SUPPLEMENT","RIS-2025-11-20-CLEANUP-001","missing_from_initial_plan_execution"
"ops_m2_progress_session_v1.0.md","credentialmate-app","ops_m2_progress_session_v1.0.md","needs-review/credentialmate-app/ops_m2_progress_session_v1.0.md","2025-11-20T00:00:00Z","needs-review","RIS-2025-11-20-CLEANUP-001-SUPPLEMENT","RIS-2025-11-20-CLEANUP-001","missing_from_initial_plan_execution"
"ops_m2_t3_implementation_summary_v1.0.md","credentialmate-app","ops_m2_t3_implementation_summary_v1.0.md","needs-review/credentialmate-app/ops_m2_t3_implementation_summary_v1.0.md","2025-11-20T00:00:00Z","needs-review","RIS-2025-11-20-CLEANUP-001-SUPPLEMENT","RIS-2025-11-20-CLEANUP-001","missing_from_initial_plan_execution"
"ops_m2_t4_contract_testing_plan_v1.0.md","credentialmate-app","ops_m2_t4_contract_testing_plan_v1.0.md","needs-review/credentialmate-app/ops_m2_t4_contract_testing_plan_v1.0.md","2025-11-20T00:00:00Z","needs-review","RIS-2025-11-20-CLEANUP-001-SUPPLEMENT","RIS-2025-11-20-CLEANUP-001","missing_from_initial_plan_execution"
"ops_m2_t4_phase2_checkpoint_v1.0.md","credentialmate-app","ops_m2_t4_phase2_checkpoint_v1.0.md","needs-review/credentialmate-app/ops_m2_t4_phase2_checkpoint_v1.0.md","2025-11-20T00:00:00Z","needs-review","RIS-2025-11-20-CLEANUP-001-SUPPLEMENT","RIS-2025-11-20-CLEANUP-001","missing_from_initial_plan_execution"
"ops_m2_t4_phase2_priority_verification_complete_v1.0.md","credentialmate-app","ops_m2_t4_phase2_priority_verification_complete_v1.0.md","needs-review/credentialmate-app/ops_m2_t4_phase2_priority_verification_complete_v1.0.md","2025-11-20T00:00:00Z","needs-review","RIS-2025-11-20-CLEANUP-001-SUPPLEMENT","RIS-2025-11-20-CLEANUP-001","missing_from_initial_plan_execution"
"ops_m2_t4_phase2_progress_v1.0.md","credentialmate-app","ops_m2_t4_phase2_progress_v1.0.md","needs-review/credentialmate-app/ops_m2_t4_phase2_progress_v1.0.md","2025-11-20T00:00:00Z","needs-review","RIS-2025-11-20-CLEANUP-001-SUPPLEMENT","RIS-2025-11-20-CLEANUP-001","missing_from_initial_plan_execution"
"ops_m2_t4_red_phase_test_execution_v1.0.md","credentialmate-app","ops_m2_t4_red_phase_test_execution_v1.0.md","needs-review/credentialmate-app/ops_m2_t4_red_phase_test_execution_v1.0.md","2025-11-20T00:00:00Z","needs-review","RIS-2025-11-20-CLEANUP-001-SUPPLEMENT","RIS-2025-11-20-CLEANUP-001","missing_from_initial_plan_execution"
"ops_m2_t4_refactor_phase_plan_v1.0.md","credentialmate-app","ops_m2_t4_refactor_phase_plan_v1.0.md","needs-review/credentialmate-app/ops_m2_t4_refactor_phase_plan_v1.0.md","2025-11-20T00:00:00Z","needs-review","RIS-2025-11-20-CLEANUP-001-SUPPLEMENT","RIS-2025-11-20-CLEANUP-001","missing_from_initial_plan_execution"
"ops_m2_t4_session_completion_summary_v1.0.md","credentialmate-app","ops_m2_t4_session_completion_summary_v1.0.md","needs-review/credentialmate-app/ops_m2_t4_session_completion_summary_v1.0.md","2025-11-20T00:00:00Z","needs-review","RIS-2025-11-20-CLEANUP-001-SUPPLEMENT","RIS-2025-11-20-CLEANUP-001","missing_from_initial_plan_execution"
"ops_m2_t4_tdd_complete_journey_v1.0.md","credentialmate-app","ops_m2_t4_tdd_complete_journey_v1.0.md","needs-review/credentialmate-app/ops_m2_t4_tdd_complete_journey_v1.0.md","2025-11-20T00:00:00Z","needs-review","RIS-2025-11-20-CLEANUP-001-SUPPLEMENT","RIS-2025-11-20-CLEANUP-001","missing_from_initial_plan_execution"
"ops_m2_verification_final_v1.0.md","credentialmate-app","ops_m2_verification_final_v1.0.md","needs-review/credentialmate-app/ops_m2_verification_final_v1.0.md","2025-11-20T00:00:00Z","needs-review","RIS-2025-11-20-CLEANUP-001-SUPPLEMENT","RIS-2025-11-20-CLEANUP-001","missing_from_initial_plan_execution"
"ops_new_phase_1_executive_summary_v1.0.md","credentialmate-app","ops_new_phase_1_executive_summary_v1.0.md","needs-review/credentialmate-app/ops_new_phase_1_executive_summary_v1.0.md","2025-11-20T00:00:00Z","needs-review","RIS-2025-11-20-CLEANUP-001-SUPPLEMENT","RIS-2025-11-20-CLEANUP-001","missing_from_initial_plan_execution"
"ops_next_steps_for_tdd_execution_v1.0.md","credentialmate-app","ops_next_steps_for_tdd_execution_v1.0.md","needs-review/credentialmate-app/ops_next_steps_for_tdd_execution_v1.0.md","2025-11-20T00:00:00Z","needs-review","RIS-2025-11-20-CLEANUP-001-SUPPLEMENT","RIS-2025-11-20-CLEANUP-001","missing_from_initial_plan_execution"
"ops_phase1_status_and_next_steps_v1.0.md","credentialmate-app","ops_phase1_status_and_next_steps_v1.0.md","needs-review/credentialmate-app/ops_phase1_status_and_next_steps_v1.0.md","2025-11-20T00:00:00Z","needs-review","RIS-2025-11-20-CLEANUP-001-SUPPLEMENT","RIS-2025-11-20-CLEANUP-001","missing_from_initial_plan_execution"
"ops_phase2_review_and_phase3_next_v1.0.md","credentialmate-app","ops_phase2_review_and_phase3_next_v1.0.md","needs-review/credentialmate-app/ops_phase2_review_and_phase3_next_v1.0.md","2025-11-20T00:00:00Z","needs-review","RIS-2025-11-20-CLEANUP-001-SUPPLEMENT","RIS-2025-11-20-CLEANUP-001","missing_from_initial_plan_execution"
"ops_phase3_kickoff_prompt_v1.0.md","credentialmate-app","ops_phase3_kickoff_prompt_v1.0.md","needs-review/credentialmate-app/ops_phase3_kickoff_prompt_v1.0.md","2025-11-20T00:00:00Z","needs-review","RIS-2025-11-20-CLEANUP-001-SUPPLEMENT","RIS-2025-11-20-CLEANUP-001","missing_from_initial_plan_execution"
"ops_phase6_and_7_completion_summary_v1.0.md","credentialmate-app","ops_phase6_and_7_completion_summary_v1.0.md","needs-review/credentialmate-app/ops_phase6_and_7_completion_summary_v1.0.md","2025-11-20T00:00:00Z","needs-review","RIS-2025-11-20-CLEANUP-001-SUPPLEMENT","RIS-2025-11-20-CLEANUP-001","missing_from_initial_plan_execution"
"ops_phase_1_milestone_tracker_v1.0.md","credentialmate-app","ops_phase_1_milestone_tracker_v1.0.md","needs-review/credentialmate-app/ops_phase_1_milestone_tracker_v1.0.md","2025-11-20T00:00:00Z","needs-review","RIS-2025-11-20-CLEANUP-001-SUPPLEMENT","RIS-2025-11-20-CLEANUP-001","missing_from_initial_plan_execution"
"ops_review_completion_summary_v1.0.md","credentialmate-app","ops_review_completion_summary_v1.0.md","needs-review/credentialmate-app/ops_review_completion_summary_v1.0.md","2025-11-20T00:00:00Z","needs-review","RIS-2025-11-20-CLEANUP-001-SUPPLEMENT","RIS-2025-11-20-CLEANUP-001","missing_from_initial_plan_execution"
"ops_ris_complete_implementation_summary_v1.0.md","credentialmate-app","ops_ris_complete_implementation_summary_v1.0.md","needs-review/credentialmate-app/ops_ris_complete_implementation_summary_v1.0.md","2025-11-20T00:00:00Z","needs-review","RIS-2025-11-20-CLEANUP-001-SUPPLEMENT","RIS-2025-11-20-CLEANUP-001","missing_from_initial_plan_execution"
"ops_ris_completion_summary_v1.0.md","credentialmate-app","ops_ris_completion_summary_v1.0.md","needs-review/credentialmate-app/ops_ris_completion_summary_v1.0.md","2025-11-20T00:00:00Z","needs-review","RIS-2025-11-20-CLEANUP-001-SUPPLEMENT","RIS-2025-11-20-CLEANUP-001","missing_from_initial_plan_execution"
"ops_ris_phases_9_10_final_summary_v1.0.md","credentialmate-app","ops_ris_phases_9_10_final_summary_v1.0.md","needs-review/credentialmate-app/ops_ris_phases_9_10_final_summary_v1.0.md","2025-11-20T00:00:00Z","needs-review","RIS-2025-11-20-CLEANUP-001-SUPPLEMENT","RIS-2025-11-20-CLEANUP-001","missing_from_initial_plan_execution"
"ops_ris_project_status_v1.0.md","credentialmate-app","ops_ris_project_status_v1.0.md","needs-review/credentialmate-app/ops_ris_project_status_v1.0.md","2025-11-20T00:00:00Z","needs-review","RIS-2025-11-20-CLEANUP-001-SUPPLEMENT","RIS-2025-11-20-CLEANUP-001","missing_from_initial_plan_execution"
"ops_session_completion_summary_v1.0.md","credentialmate-app","ops_session_completion_summary_v1.0.md","needs-review/credentialmate-app/ops_session_completion_summary_v1.0.md","2025-11-20T00:00:00Z","needs-review","RIS-2025-11-20-CLEANUP-001-SUPPLEMENT","RIS-2025-11-20-CLEANUP-001","missing_from_initial_plan_execution"
"ops_session_execution_summary_v1.0.md","credentialmate-app","ops_session_execution_summary_v1.0.md","needs-review/credentialmate-app/ops_session_execution_summary_v1.0.md","2025-11-20T00:00:00Z","needs-review","RIS-2025-11-20-CLEANUP-001-SUPPLEMENT","RIS-2025-11-20-CLEANUP-001","missing_from_initial_plan_execution"
"ops_session_summary_m2_completion_v1.0.md","credentialmate-app","ops_session_summary_m2_completion_v1.0.md","needs-review/credentialmate-app/ops_session_summary_m2_completion_v1.0.md","2025-11-20T00:00:00Z","needs-review","RIS-2025-11-20-CLEANUP-001-SUPPLEMENT","RIS-2025-11-20-CLEANUP-001","missing_from_initial_plan_execution"
"ops_verification_results_v1.0.md","credentialmate-app","ops_verification_results_v1.0.md","needs-review/credentialmate-app/ops_verification_results_v1.0.md","2025-11-20T00:00:00Z","needs-review","RIS-2025-11-20-CLEANUP-001-SUPPLEMENT","RIS-2025-11-20-CLEANUP-001","missing_from_initial_plan_execution"
"spec_app_security_v1.0.md","credentialmate-app","spec_app_security_v1.0.md","needs-review/credentialmate-app/spec_app_security_v1.0.md","2025-11-20T00:00:00Z","needs-review","RIS-2025-11-20-CLEANUP-001-SUPPLEMENT","RIS-2025-11-20-CLEANUP-001","missing_from_initial_plan_execution"
"spec_compensating_controls_checklist_v1.0.md","credentialmate-app","spec_compensating_controls_checklist_v1.0.md","needs-review/credentialmate-app/spec_compensating_controls_checklist_v1.0.md","2025-11-20T00:00:00Z","needs-review","RIS-2025-11-20-CLEANUP-001-SUPPLEMENT","RIS-2025-11-20-CLEANUP-001","missing_from_initial_plan_execution"
"spec_comprehensive_codebase_audit_v1.0.md","credentialmate-app","spec_comprehensive_codebase_audit_v1.0.md","needs-review/credentialmate-app/spec_comprehensive_codebase_audit_v1.0.md","2025-11-20T00:00:00Z","needs-review","RIS-2025-11-20-CLEANUP-001-SUPPLEMENT","RIS-2025-11-20-CLEANUP-001","missing_from_initial_plan_execution"
"spec_github_security_setup_v1.0.md","credentialmate-app","spec_github_security_setup_v1.0.md","needs-review/credentialmate-app/spec_github_security_setup_v1.0.md","2025-11-20T00:00:00Z","needs-review","RIS-2025-11-20-CLEANUP-001-SUPPLEMENT","RIS-2025-11-20-CLEANUP-001","missing_from_initial_plan_execution"
"spec_hipaa_gap_analysis_v1.0.md","credentialmate-app","spec_hipaa_gap_analysis_v1.0.md","needs-review/credentialmate-app/spec_hipaa_gap_analysis_v1.0.md","2025-11-20T00:00:00Z","needs-review","RIS-2025-11-20-CLEANUP-001-SUPPLEMENT","RIS-2025-11-20-CLEANUP-001","missing_from_initial_plan_execution"
"spec_metadata_compliance_report_v1.0.md","credentialmate-app","spec_metadata_compliance_report_v1.0.md","needs-review/credentialmate-app/spec_metadata_compliance_report_v1.0.md","2025-11-20T00:00:00Z","needs-review","RIS-2025-11-20-CLEANUP-001-SUPPLEMENT","RIS-2025-11-20-CLEANUP-001","missing_from_initial_plan_execution"
"spec_schema_import_fixes_v1.0.md","credentialmate-app","spec_schema_import_fixes_v1.0.md","needs-review/credentialmate-app/spec_schema_import_fixes_v1.0.md","2025-11-20T00:00:00Z","needs-review","RIS-2025-11-20-CLEANUP-001-SUPPLEMENT","RIS-2025-11-20-CLEANUP-001","missing_from_initial_plan_execution"
"spec_security_audit_report_v1.0.md","credentialmate-app","spec_security_audit_report_v1.0.md","needs-review/credentialmate-app/spec_security_audit_report_v1.0.md","2025-11-20T00:00:00Z","needs-review","RIS-2025-11-20-CLEANUP-001-SUPPLEMENT","RIS-2025-11-20-CLEANUP-001","missing_from_initial_plan_execution"
"spec_security_blockers_resolution_v1.0.md","credentialmate-app","spec_security_blockers_resolution_v1.0.md","needs-review/credentialmate-app/spec_security_blockers_resolution_v1.0.md","2025-11-20T00:00:00Z","needs-review","RIS-2025-11-20-CLEANUP-001-SUPPLEMENT","RIS-2025-11-20-CLEANUP-001","missing_from_initial_plan_execution"
"AUTOMATION_LOG.csv","credentialmate-ai","governance/orchestration/AUTOMATION_LOG.csv","needs-review/credentialmate-ai/governance/orchestration/AUTOMATION_LOG.csv","2025-11-20T00:00:00Z","needs-review","RIS-2025-11-20-CLEANUP-001-SUPPLEMENT","RIS-2025-11-20-CLEANUP-001","missing_from_initial_plan_execution"
"CHANGES_LOG.csv","credentialmate-ai","governance/orchestration/CHANGES_LOG.csv","needs-review/credentialmate-ai/governance/orchestration/CHANGES_LOG.csv","2025-11-20T00:00:00Z","needs-review","RIS-2025-11-20-CLEANUP-001-SUPPLEMENT","RIS-2025-11-20-CLEANUP-001","missing_from_initial_plan_execution"
"CHANGE_LOG.csv","credentialmate-ai","governance/orchestration/CHANGE_LOG.csv","needs-review/credentialmate-ai/governance/orchestration/CHANGE_LOG.csv","2025-11-20T00:00:00Z","needs-review","RIS-2025-11-20-CLEANUP-001-SUPPLEMENT","RIS-2025-11-20-CLEANUP-001","missing_from_initial_plan_execution"
"CHAT_LOG.csv","credentialmate-ai","governance/orchestration/CHAT_LOG.csv","needs-review/credentialmate-ai/governance/orchestration/CHAT_LOG.csv","2025-11-20T00:00:00Z","needs-review","RIS-2025-11-20-CLEANUP-001-SUPPLEMENT","RIS-2025-11-20-CLEANUP-001","missing_from_initial_plan_execution"
"INITIATIVE_NOTIF_001_EMAIL_INFRASTRUCTURE.csv","credentialmate-ai","governance/orchestration/INITIATIVE_NOTIF_001_EMAIL_INFRASTRUCTURE.csv","needs-review/credentialmate-ai/governance/orchestration/INITIATIVE_NOTIF_001_EMAIL_INFRASTRUCTURE.csv","2025-11-20T00:00:00Z","needs-review","RIS-2025-11-20-CLEANUP-001-SUPPLEMENT","RIS-2025-11-20-CLEANUP-001","missing_from_initial_plan_execution"
"ISSUES_LOG.csv","credentialmate-ai","governance/orchestration/ISSUES_LOG.csv","needs-review/credentialmate-ai/governance/orchestration/ISSUES_LOG.csv","2025-11-20T00:00:00Z","needs-review","RIS-2025-11-20-CLEANUP-001-SUPPLEMENT","RIS-2025-11-20-CLEANUP-001","missing_from_initial_plan_execution"
"KNOWLEDGE_BASE.csv","credentialmate-ai","governance/orchestration/KNOWLEDGE_BASE.csv","needs-review/credentialmate-ai/governance/orchestration/KNOWLEDGE_BASE.csv","2025-11-20T00:00:00Z","needs-review","RIS-2025-11-20-CLEANUP-001-SUPPLEMENT","RIS-2025-11-20-CLEANUP-001","missing_from_initial_plan_execution"
"KNOWLEDGE_HTTPONLY_COOKIES_20251112.csv","credentialmate-ai","governance/orchestration/KNOWLEDGE_HTTPONLY_COOKIES_20251112.csv","needs-review/credentialmate-ai/governance/orchestration/KNOWLEDGE_HTTPONLY_COOKIES_20251112.csv","2025-11-20T00:00:00Z","needs-review","RIS-2025-11-20-CLEANUP-001-SUPPLEMENT","RIS-2025-11-20-CLEANUP-001","missing_from_initial_plan_execution"
"PROJECT_PLAN.csv","credentialmate-ai","governance/orchestration/PROJECT_PLAN.csv","needs-review/credentialmate-ai/governance/orchestration/PROJECT_PLAN.csv","2025-11-20T00:00:00Z","needs-review","RIS-2025-11-20-CLEANUP-001-SUPPLEMENT","RIS-2025-11-20-CLEANUP-001","missing_from_initial_plan_execution"
"RISK_REGISTER.csv","credentialmate-ai","governance/orchestration/RISK_REGISTER.csv","needs-review/credentialmate-ai/governance/orchestration/RISK_REGISTER.csv","2025-11-20T00:00:00Z","needs-review","RIS-2025-11-20-CLEANUP-001-SUPPLEMENT","RIS-2025-11-20-CLEANUP-001","missing_from_initial_plan_execution"
"SESSIONS.csv","credentialmate-ai","governance/orchestration/SESSIONS.csv","needs-review/credentialmate-ai/governance/orchestration/SESSIONS.csv","2025-11-20T00:00:00Z","needs-review","RIS-2025-11-20-CLEANUP-001-SUPPLEMENT","RIS-2025-11-20-CLEANUP-001","missing_from_initial_plan_execution"
"TASK_LOG.csv","credentialmate-ai","governance/orchestration/TASK_LOG.csv","needs-review/credentialmate-ai/governance/orchestration/TASK_LOG.csv","2025-11-20T00:00:00Z","needs-review","RIS-2025-11-20-CLEANUP-001-SUPPLEMENT","RIS-2025-11-20-CLEANUP-001","missing_from_initial_plan_execution"
"TESTING_RESULTS.csv","credentialmate-ai","governance/orchestration/TESTING_RESULTS.csv","needs-review/credentialmate-ai/governance/orchestration/TESTING_RESULTS.csv","2025-11-20T00:00:00Z","needs-review","RIS-2025-11-20-CLEANUP-001-SUPPLEMENT","RIS-2025-11-20-CLEANUP-001","missing_from_initial_plan_execution"
"TESTING_RESULTS_UPLOAD_AUTH.csv","credentialmate-ai","governance/orchestration/TESTING_RESULTS_UPLOAD_AUTH.csv","needs-review/credentialmate-ai/governance/orchestration/TESTING_RESULTS_UPLOAD_AUTH.csv","2025-11-20T00:00:00Z","needs-review","RIS-2025-11-20-CLEANUP-001-SUPPLEMENT","RIS-2025-11-20-CLEANUP-001","missing_from_initial_plan_execution"
"TRACKERS.csv","credentialmate-ai","governance/orchestration/TRACKERS.csv","needs-review/credentialmate-ai/governance/orchestration/TRACKERS.csv","2025-11-20T00:00:00Z","needs-review","RIS-2025-11-20-CLEANUP-001-SUPPLEMENT","RIS-2025-11-20-CLEANUP-001","missing_from_initial_plan_execution"
